cluster_id,ivd_t5,pairs_t5,sentences_t5,file_id,ivd_centroid,pairs_centroid,sentences_centroid,ivd_keybert,pairs_keybert,sentences_keybert
-1,0.5,2,4,cluster_minilm_hdbscan_100,2.2,11,5,,,
0,1.25,5,4,cluster_minilm_hdbscan_100,0.8333333333333334,5,6,0.0,0.0,1.0
1,1.0,2,2,cluster_minilm_hdbscan_100,1.0,7,7,0.0,0.0,1.0
2,0.3333333333333333,1,3,cluster_minilm_hdbscan_100,2.3333333333333335,14,6,8.0,8.0,1.0
3,1.25,5,4,cluster_minilm_hdbscan_100,1.2857142857142858,9,7,0.0,0.0,1.0
4,1.0,3,3,cluster_minilm_hdbscan_100,1.5625,25,16,0.0,0.0,1.0
-1,0.3333333333333333,1,3,cluster_minilm_hdbscan_2,0.7272727272727273,8,11,,,
0,1.3333333333333333,4,3,cluster_minilm_hdbscan_2,1.7777777777777777,16,9,0.0,0.0,1.0
1,1.0,2,2,cluster_minilm_hdbscan_2,2.2857142857142856,16,7,0.0,0.0,1.0
2,0.6,3,5,cluster_minilm_hdbscan_2,0.8888888888888888,8,9,5.0,5.0,1.0
3,8.0,16,2,cluster_minilm_hdbscan_2,5.6,28,5,5.0,5.0,1.0
4,2.5,5,2,cluster_minilm_hdbscan_2,1.3333333333333333,4,3,0.0,0.0,1.0
5,0.0,0,2,cluster_minilm_hdbscan_2,0.3333333333333333,3,9,0.0,0.0,1.0
6,4.0,8,2,cluster_minilm_hdbscan_2,3.0,18,6,0.0,0.0,1.0
7,2.5,5,2,cluster_minilm_hdbscan_2,0.5,1,2,0.0,0.0,1.0
8,0.5,1,2,cluster_minilm_hdbscan_2,1.375,11,8,0.0,0.0,1.0
9,1.0,2,2,cluster_minilm_hdbscan_2,2.0,12,6,0.0,0.0,1.0
10,1.5,6,4,cluster_minilm_hdbscan_2,5.0,20,4,0.0,0.0,1.0
11,0.0,0,2,cluster_minilm_hdbscan_2,1.1666666666666667,7,6,0.0,0.0,1.0
12,1.5,3,2,cluster_minilm_hdbscan_2,1.3636363636363635,15,11,0.0,0.0,1.0
13,1.0,2,2,cluster_minilm_hdbscan_2,2.0,24,12,0.0,0.0,1.0
14,1.0,2,2,cluster_minilm_hdbscan_2,1.5,9,6,10.0,10.0,1.0
15,0.3333333333333333,1,3,cluster_minilm_hdbscan_2,0.7857142857142857,11,14,0.0,0.0,1.0
16,1.5,3,2,cluster_minilm_hdbscan_2,7.666666666666667,23,3,0.0,0.0,1.0
17,2.0,4,2,cluster_minilm_hdbscan_2,1.0,9,9,0.0,0.0,1.0
18,1.6666666666666667,5,3,cluster_minilm_hdbscan_2,1.2857142857142858,9,7,0.0,0.0,1.0
19,3.0,3,1,cluster_minilm_hdbscan_2,0.6,3,5,0.0,0.0,1.0
20,2.0,4,2,cluster_minilm_hdbscan_2,1.1666666666666667,7,6,0.0,0.0,1.0
21,0.5,1,2,cluster_minilm_hdbscan_2,0.3333333333333333,2,6,0.0,0.0,1.0
22,0.0,0,1,cluster_minilm_hdbscan_2,1.5833333333333333,19,12,0.0,0.0,1.0
23,6.0,12,2,cluster_minilm_hdbscan_2,4.666666666666667,14,3,0.0,0.0,1.0
24,2.0,2,1,cluster_minilm_hdbscan_2,0.5,4,8,0.0,0.0,1.0
25,1.0,2,2,cluster_minilm_hdbscan_2,2.5,15,6,0.0,0.0,1.0
26,1.0,2,2,cluster_minilm_hdbscan_2,1.0714285714285714,15,14,5.0,5.0,1.0
27,1.0,1,1,cluster_minilm_hdbscan_2,0.5714285714285714,4,7,0.0,0.0,1.0
28,1.5,3,2,cluster_minilm_hdbscan_2,1.4285714285714286,10,7,0.0,0.0,1.0
29,1.0,2,2,cluster_minilm_hdbscan_2,1.588235294117647,27,17,0.0,0.0,1.0
30,2.0,6,3,cluster_minilm_hdbscan_2,1.5833333333333333,19,12,0.0,0.0,1.0
31,3.0,6,2,cluster_minilm_hdbscan_2,1.5,9,6,0.0,0.0,1.0
32,2.0,2,1,cluster_minilm_hdbscan_2,0.8571428571428571,6,7,0.0,0.0,1.0
33,0.5,1,2,cluster_minilm_hdbscan_2,0.7777777777777778,7,9,5.0,5.0,1.0
34,0.5,1,2,cluster_minilm_hdbscan_2,0.75,6,8,0.0,0.0,1.0
35,1.5,3,2,cluster_minilm_hdbscan_2,1.1666666666666667,7,6,0.0,0.0,1.0
36,0.3333333333333333,1,3,cluster_minilm_hdbscan_2,1.75,14,8,6.0,6.0,1.0
37,0.5,1,2,cluster_minilm_hdbscan_2,1.25,10,8,0.0,0.0,1.0
38,1.0,2,2,cluster_minilm_hdbscan_2,1.375,11,8,0.0,0.0,1.0
39,1.0,2,2,cluster_minilm_hdbscan_2,2.3333333333333335,7,3,4.0,4.0,1.0
40,1.0,2,2,cluster_minilm_hdbscan_2,1.6666666666666667,10,6,0.0,0.0,1.0
41,0.5,1,2,cluster_minilm_hdbscan_2,1.0,5,5,0.0,0.0,1.0
42,1.3333333333333333,4,3,cluster_minilm_hdbscan_2,1.0,9,9,0.0,0.0,1.0
43,2.0,6,3,cluster_minilm_hdbscan_2,2.0,22,11,0.0,0.0,1.0
44,1.0,3,3,cluster_minilm_hdbscan_2,1.625,13,8,0.0,0.0,1.0
45,1.0,3,3,cluster_minilm_hdbscan_2,2.2857142857142856,16,7,0.0,0.0,1.0
46,0.6666666666666666,2,3,cluster_minilm_hdbscan_2,0.75,6,8,0.0,0.0,1.0
47,2.0,4,2,cluster_minilm_hdbscan_2,0.5,2,4,5.0,5.0,1.0
48,1.0,2,2,cluster_minilm_hdbscan_2,1.0,13,13,0.0,0.0,1.0
49,0.6666666666666666,2,3,cluster_minilm_hdbscan_2,1.25,15,12,5.0,5.0,1.0
50,1.0,2,2,cluster_minilm_hdbscan_2,0.6666666666666666,4,6,5.0,5.0,1.0
51,0.5,2,4,cluster_minilm_hdbscan_2,0.5,3,6,3.0,3.0,1.0
52,0.3333333333333333,1,3,cluster_minilm_hdbscan_2,0.8333333333333334,15,18,0.0,0.0,1.0
53,0.0,0,2,cluster_minilm_hdbscan_2,0.6666666666666666,8,12,0.0,0.0,1.0
54,4.0,4,1,cluster_minilm_hdbscan_2,0.6666666666666666,4,6,0.0,0.0,1.0
55,0.0,0,2,cluster_minilm_hdbscan_2,0.9166666666666666,11,12,0.0,0.0,1.0
56,2.0,2,1,cluster_minilm_hdbscan_2,1.6666666666666667,10,6,0.0,0.0,1.0
57,2.0,2,1,cluster_minilm_hdbscan_2,1.0,11,11,0.0,0.0,1.0
58,0.5,1,2,cluster_minilm_hdbscan_2,0.45454545454545453,5,11,0.0,0.0,1.0
59,0.5,1,2,cluster_minilm_hdbscan_2,0.9,18,20,0.0,0.0,1.0
60,1.0,2,2,cluster_minilm_hdbscan_2,2.142857142857143,30,14,4.0,4.0,1.0
61,4.0,12,3,cluster_minilm_hdbscan_2,1.0,4,4,0.0,0.0,1.0
62,1.3333333333333333,4,3,cluster_minilm_hdbscan_2,10.0,20,2,0.0,0.0,1.0
63,4.0,4,1,cluster_minilm_hdbscan_2,2.4285714285714284,17,7,0.0,0.0,1.0
64,4.0,12,3,cluster_minilm_hdbscan_2,4.75,38,8,10.0,10.0,1.0
65,1.0,3,3,cluster_minilm_hdbscan_2,1.0,6,6,0.0,0.0,1.0
66,0.3333333333333333,1,3,cluster_minilm_hdbscan_2,1.3,13,10,10.0,10.0,1.0
67,3.0,12,4,cluster_minilm_hdbscan_2,1.625,13,8,0.0,0.0,1.0
68,2.6666666666666665,8,3,cluster_minilm_hdbscan_2,1.5714285714285714,11,7,10.0,10.0,1.0
69,1.3333333333333333,4,3,cluster_minilm_hdbscan_2,0.5454545454545454,6,11,10.0,10.0,1.0
70,1.0,2,2,cluster_minilm_hdbscan_2,1.4444444444444444,13,9,0.0,0.0,1.0
71,1.3333333333333333,4,3,cluster_minilm_hdbscan_2,0.8333333333333334,5,6,0.0,0.0,1.0
72,1.6666666666666667,5,3,cluster_minilm_hdbscan_2,2.25,9,4,0.0,0.0,1.0
73,2.6666666666666665,8,3,cluster_minilm_hdbscan_2,1.0,9,9,0.0,0.0,1.0
74,0.5,1,2,cluster_minilm_hdbscan_2,0.5714285714285714,4,7,0.0,0.0,1.0
75,3.0,6,2,cluster_minilm_hdbscan_2,0.0,0,2,5.0,5.0,1.0
76,2.0,2,1,cluster_minilm_hdbscan_2,1.0,5,5,0.0,0.0,1.0
77,4.0,8,2,cluster_minilm_hdbscan_2,3.142857142857143,22,7,10.0,10.0,1.0
78,0.5,1,2,cluster_minilm_hdbscan_2,1.1111111111111112,10,9,0.0,0.0,1.0
79,2.0,6,3,cluster_minilm_hdbscan_2,1.6470588235294117,28,17,0.0,0.0,1.0
80,0.6666666666666666,2,3,cluster_minilm_hdbscan_2,0.5,3,6,0.0,0.0,1.0
81,1.0,3,3,cluster_minilm_hdbscan_2,1.0,6,6,0.0,0.0,1.0
82,0.3333333333333333,1,3,cluster_minilm_hdbscan_2,1.1666666666666667,7,6,0.0,0.0,1.0
83,2.0,4,2,cluster_minilm_hdbscan_2,3.0,12,4,0.0,0.0,1.0
84,2.0,4,2,cluster_minilm_hdbscan_2,1.1666666666666667,7,6,0.0,0.0,1.0
85,4.0,4,1,cluster_minilm_hdbscan_2,0.25,4,16,0.0,0.0,1.0
86,1.5,3,2,cluster_minilm_hdbscan_2,1.3333333333333333,16,12,0.0,0.0,1.0
87,1.0,1,1,cluster_minilm_hdbscan_2,3.5,7,2,0.0,0.0,1.0
88,2.0,4,2,cluster_minilm_hdbscan_2,2.4444444444444446,22,9,0.0,0.0,1.0
89,6.0,6,1,cluster_minilm_hdbscan_2,1.0,7,7,5.0,5.0,1.0
90,1.3333333333333333,4,3,cluster_minilm_hdbscan_2,2.142857142857143,15,7,0.0,0.0,1.0
91,2.5,5,2,cluster_minilm_hdbscan_2,0.6666666666666666,4,6,0.0,0.0,1.0
92,2.0,4,2,cluster_minilm_hdbscan_2,1.75,14,8,0.0,0.0,1.0
93,1.0,3,3,cluster_minilm_hdbscan_2,1.0,6,6,0.0,0.0,1.0
94,0.6666666666666666,2,3,cluster_minilm_hdbscan_2,1.411764705882353,24,17,0.0,0.0,1.0
95,0.5,1,2,cluster_minilm_hdbscan_2,1.5263157894736843,29,19,0.0,0.0,1.0
96,0.5,1,2,cluster_minilm_hdbscan_2,1.6842105263157894,32,19,0.0,0.0,1.0
97,0.3333333333333333,1,3,cluster_minilm_hdbscan_2,0.9,9,10,0.0,0.0,1.0
98,0.5,1,2,cluster_minilm_hdbscan_2,2.6666666666666665,8,3,0.0,0.0,1.0
99,0.3333333333333333,1,3,cluster_minilm_hdbscan_2,0.8571428571428571,6,7,0.0,0.0,1.0
100,0.5,1,2,cluster_minilm_hdbscan_2,2.8333333333333335,17,6,0.0,0.0,1.0
101,0.0,0,3,cluster_minilm_hdbscan_2,0.25,2,8,0.0,0.0,1.0
102,0.0,0,3,cluster_minilm_hdbscan_2,0.7777777777777778,7,9,0.0,0.0,1.0
103,0.3333333333333333,1,3,cluster_minilm_hdbscan_2,0.6956521739130435,16,23,0.0,0.0,1.0
104,1.0,2,2,cluster_minilm_hdbscan_2,0.38461538461538464,5,13,0.0,0.0,1.0
105,2.0,4,2,cluster_minilm_hdbscan_2,1.2222222222222223,11,9,8.0,8.0,1.0
106,3.0,6,2,cluster_minilm_hdbscan_2,1.1111111111111112,10,9,0.0,0.0,1.0
107,1.0,2,2,cluster_minilm_hdbscan_2,1.0,7,7,0.0,0.0,1.0
108,1.0,2,2,cluster_minilm_hdbscan_2,0.7272727272727273,8,11,0.0,0.0,1.0
109,0.5,1,2,cluster_minilm_hdbscan_2,0.42857142857142855,3,7,0.0,0.0,1.0
110,2.0,4,2,cluster_minilm_hdbscan_2,1.4285714285714286,10,7,0.0,0.0,1.0
111,0.5,1,2,cluster_minilm_hdbscan_2,0.5,3,6,0.0,0.0,1.0
112,0.0,0,3,cluster_minilm_hdbscan_2,1.3333333333333333,8,6,0.0,0.0,1.0
113,0.6666666666666666,2,3,cluster_minilm_hdbscan_2,0.7142857142857143,5,7,0.0,0.0,1.0
114,0.0,0,1,cluster_minilm_hdbscan_2,0.3333333333333333,3,9,0.0,0.0,1.0
115,0.0,0,1,cluster_minilm_hdbscan_2,0.4,2,5,0.0,0.0,1.0
116,7.666666666666667,23,3,cluster_minilm_hdbscan_2,7.666666666666667,23,3,0.0,0.0,1.0
117,2.0,2,1,cluster_minilm_hdbscan_2,0.5714285714285714,4,7,0.0,0.0,1.0
118,6.0,12,2,cluster_minilm_hdbscan_2,0.8125,13,16,0.0,0.0,1.0
119,1.0,2,2,cluster_minilm_hdbscan_2,2.1666666666666665,13,6,10.0,10.0,1.0
120,0.0,0,1,cluster_minilm_hdbscan_2,0.6666666666666666,4,6,0.0,0.0,1.0
121,3.0,9,3,cluster_minilm_hdbscan_2,5.5,22,4,0.0,0.0,1.0
122,1.0,2,2,cluster_minilm_hdbscan_2,0.6666666666666666,4,6,0.0,0.0,1.0
123,1.6666666666666667,5,3,cluster_minilm_hdbscan_2,0.3333333333333333,3,9,0.0,0.0,1.0
124,1.0,3,3,cluster_minilm_hdbscan_2,0.5,4,8,0.0,0.0,1.0
125,0.5,1,2,cluster_minilm_hdbscan_2,1.0,7,7,0.0,0.0,1.0
126,2.0,2,1,cluster_minilm_hdbscan_2,1.0,14,14,0.0,0.0,1.0
127,1.5,3,2,cluster_minilm_hdbscan_2,0.7,7,10,0.0,0.0,1.0
128,2.5,5,2,cluster_minilm_hdbscan_2,0.7777777777777778,7,9,0.0,0.0,1.0
129,1.0,2,2,cluster_minilm_hdbscan_2,1.375,11,8,0.0,0.0,1.0
130,0.0,0,2,cluster_minilm_hdbscan_2,0.6,3,5,0.0,0.0,1.0
131,1.5,3,2,cluster_minilm_hdbscan_2,1.2,6,5,4.0,4.0,1.0
132,1.5,3,2,cluster_minilm_hdbscan_2,1.8,9,5,9.0,9.0,1.0
133,3.0,6,2,cluster_minilm_hdbscan_2,1.0,3,3,0.0,0.0,1.0
134,2.5,5,2,cluster_minilm_hdbscan_2,2.0,12,6,0.0,0.0,1.0
135,0.5,1,2,cluster_minilm_hdbscan_2,1.4166666666666667,17,12,0.0,0.0,1.0
136,0.0,0,1,cluster_minilm_hdbscan_2,1.8333333333333333,11,6,0.0,0.0,1.0
137,2.5,5,2,cluster_minilm_hdbscan_2,2.5,5,2,0.0,0.0,1.0
138,2.0,6,3,cluster_minilm_hdbscan_2,1.2727272727272727,14,11,0.0,0.0,1.0
139,3.5,7,2,cluster_minilm_hdbscan_2,1.0,17,17,0.0,0.0,1.0
140,2.0,2,1,cluster_minilm_hdbscan_2,0.125,1,8,0.0,0.0,1.0
141,0.5,1,2,cluster_minilm_hdbscan_2,0.6,3,5,0.0,0.0,1.0
142,3.5,7,2,cluster_minilm_hdbscan_2,0.6,6,10,0.0,0.0,1.0
143,0.5,1,2,cluster_minilm_hdbscan_2,1.1428571428571428,8,7,0.0,0.0,1.0
144,2.3333333333333335,7,3,cluster_minilm_hdbscan_2,1.4444444444444444,13,9,0.0,0.0,1.0
145,1.0,1,1,cluster_minilm_hdbscan_2,0.42857142857142855,3,7,0.0,0.0,1.0
146,0.6666666666666666,2,3,cluster_minilm_hdbscan_2,0.875,7,8,0.0,0.0,1.0
147,0.6666666666666666,2,3,cluster_minilm_hdbscan_2,0.3333333333333333,3,9,0.0,0.0,1.0
148,1.0,2,2,cluster_minilm_hdbscan_2,2.0,10,5,0.0,0.0,1.0
149,1.0,2,2,cluster_minilm_hdbscan_2,1.3,13,10,0.0,0.0,1.0
150,1.5,3,2,cluster_minilm_hdbscan_2,0.9333333333333333,14,15,0.0,0.0,1.0
151,1.0,2,2,cluster_minilm_hdbscan_2,3.5,14,4,0.0,0.0,1.0
152,0.6666666666666666,2,3,cluster_minilm_hdbscan_2,2.75,11,4,0.0,0.0,1.0
153,2.0,6,3,cluster_minilm_hdbscan_2,1.5,6,4,4.0,4.0,1.0
154,0.0,0,2,cluster_minilm_hdbscan_2,0.5714285714285714,4,7,0.0,0.0,1.0
155,3.6666666666666665,11,3,cluster_minilm_hdbscan_2,0.75,3,4,1.0,1.0,1.0
156,2.0,2,1,cluster_minilm_hdbscan_2,0.75,3,4,4.0,4.0,1.0
157,0.5,1,2,cluster_minilm_hdbscan_2,0.8888888888888888,8,9,0.0,0.0,1.0
158,1.0,2,2,cluster_minilm_hdbscan_2,1.0,5,5,4.0,4.0,1.0
159,1.3333333333333333,4,3,cluster_minilm_hdbscan_2,1.0,7,7,0.0,0.0,1.0
160,2.0,4,2,cluster_minilm_hdbscan_2,1.25,10,8,5.0,5.0,1.0
161,0.5,2,4,cluster_minilm_hdbscan_2,8.2,41,5,4.0,4.0,1.0
162,1.0,2,2,cluster_minilm_hdbscan_2,0.5,3,6,0.0,0.0,1.0
163,2.0,4,2,cluster_minilm_hdbscan_2,0.7272727272727273,8,11,0.0,0.0,1.0
164,0.0,0,2,cluster_minilm_hdbscan_2,0.0,0,4,0.0,0.0,1.0
165,0.0,0,2,cluster_minilm_hdbscan_2,1.4166666666666667,17,12,0.0,0.0,1.0
166,0.0,0,1,cluster_minilm_hdbscan_2,4.0,20,5,0.0,0.0,1.0
167,4.0,4,1,cluster_minilm_hdbscan_2,3.6,18,5,5.0,5.0,1.0
168,1.6666666666666667,5,3,cluster_minilm_hdbscan_2,0.8,8,10,0.0,0.0,1.0
169,2.0,4,2,cluster_minilm_hdbscan_2,1.0,8,8,3.0,3.0,1.0
170,3.0,3,1,cluster_minilm_hdbscan_2,3.75,15,4,0.0,0.0,1.0
171,1.5,3,2,cluster_minilm_hdbscan_2,1.8333333333333333,11,6,0.0,0.0,1.0
172,1.0,2,2,cluster_minilm_hdbscan_2,1.2,6,5,16.0,16.0,1.0
173,0.0,0,2,cluster_minilm_hdbscan_2,1.0,6,6,0.0,0.0,1.0
174,1.0,3,3,cluster_minilm_hdbscan_2,1.1568627450980393,59,51,5.0,5.0,1.0
175,4.0,8,2,cluster_minilm_hdbscan_2,1.6666666666666667,30,18,5.0,5.0,1.0
176,1.0,3,3,cluster_minilm_hdbscan_2,1.1818181818181819,13,11,5.0,5.0,1.0
177,1.5,3,2,cluster_minilm_hdbscan_2,0.8333333333333334,10,12,0.0,0.0,1.0
178,2.0,2,1,cluster_minilm_hdbscan_2,1.7,17,10,0.0,0.0,1.0
179,0.3333333333333333,1,3,cluster_minilm_hdbscan_2,1.7142857142857142,12,7,10.0,10.0,1.0
180,1.6666666666666667,5,3,cluster_minilm_hdbscan_2,1.1666666666666667,7,6,4.0,4.0,1.0
181,1.0,2,2,cluster_minilm_hdbscan_2,0.8181818181818182,9,11,0.0,0.0,1.0
182,1.0,2,2,cluster_minilm_hdbscan_2,0.6,3,5,0.0,0.0,1.0
183,5.0,10,2,cluster_minilm_hdbscan_2,1.5,9,6,0.0,0.0,1.0
184,1.0,2,2,cluster_minilm_hdbscan_2,1.2,6,5,1.0,1.0,1.0
185,0.5,1,2,cluster_minilm_hdbscan_2,1.0,6,6,0.0,0.0,1.0
186,0.5,1,2,cluster_minilm_hdbscan_2,0.6,6,10,0.0,0.0,1.0
187,0.5,1,2,cluster_minilm_hdbscan_2,1.0,7,7,0.0,0.0,1.0
188,2.5,5,2,cluster_minilm_hdbscan_2,2.3333333333333335,7,3,6.0,6.0,1.0
189,1.5,3,2,cluster_minilm_hdbscan_2,1.2,6,5,10.0,10.0,1.0
190,7.5,15,2,cluster_minilm_hdbscan_2,10.0,20,2,0.0,0.0,1.0
191,1.0,2,2,cluster_minilm_hdbscan_2,1.4,7,5,0.0,0.0,1.0
192,0.5,1,2,cluster_minilm_hdbscan_2,1.4285714285714286,10,7,0.0,0.0,1.0
193,2.0,2,1,cluster_minilm_hdbscan_2,0.5,1,2,0.0,0.0,1.0
194,1.5,3,2,cluster_minilm_hdbscan_2,1.4,14,10,1.0,1.0,1.0
195,0.0,0,1,cluster_minilm_hdbscan_2,1.0,6,6,5.0,5.0,1.0
196,0.75,3,4,cluster_minilm_hdbscan_2,0.0,0,7,0.0,0.0,1.0
197,0.6666666666666666,2,3,cluster_minilm_hdbscan_2,1.625,13,8,0.0,0.0,1.0
198,4.5,9,2,cluster_minilm_hdbscan_2,0.5,1,2,0.0,0.0,1.0
199,2.0,4,2,cluster_minilm_hdbscan_2,1.15,23,20,10.0,10.0,1.0
200,1.0,3,3,cluster_minilm_hdbscan_2,1.0,11,11,0.0,0.0,1.0
201,9.0,9,1,cluster_minilm_hdbscan_2,1.25,10,8,0.0,0.0,1.0
202,1.5,3,2,cluster_minilm_hdbscan_2,3.0,6,2,2.0,2.0,1.0
203,0.0,0,1,cluster_minilm_hdbscan_2,0.25,1,4,4.0,4.0,1.0
204,0.5,1,2,cluster_minilm_hdbscan_2,0.5555555555555556,5,9,0.0,0.0,1.0
205,0.5,1,2,cluster_minilm_hdbscan_2,1.5714285714285714,11,7,0.0,0.0,1.0
206,1.0,2,2,cluster_minilm_hdbscan_2,1.0,4,4,4.0,4.0,1.0
207,0.0,0,5,cluster_minilm_hdbscan_2,0.0,0,3,0.0,0.0,1.0
208,1.0,2,2,cluster_minilm_hdbscan_2,1.7777777777777777,16,9,0.0,0.0,1.0
209,0.5,1,2,cluster_minilm_hdbscan_2,0.2,1,5,1.0,1.0,1.0
210,0.0,0,2,cluster_minilm_hdbscan_2,0.6,3,5,0.0,0.0,1.0
211,1.6666666666666667,5,3,cluster_minilm_hdbscan_2,1.875,15,8,5.0,5.0,1.0
212,0.0,0,1,cluster_minilm_hdbscan_2,,0,0,0.0,0.0,1.0
213,0.3333333333333333,1,3,cluster_minilm_hdbscan_2,0.0,0,3,0.0,0.0,1.0
214,1.6666666666666667,5,3,cluster_minilm_hdbscan_2,2.0,2,1,3.0,3.0,1.0
215,0.25,1,4,cluster_minilm_hdbscan_2,0.0,0,1,0.0,0.0,1.0
216,0.5,1,2,cluster_minilm_hdbscan_2,1.1428571428571428,8,7,0.0,0.0,1.0
217,1.25,5,4,cluster_minilm_hdbscan_2,0.7142857142857143,5,7,10.0,10.0,1.0
218,1.0,2,2,cluster_minilm_hdbscan_2,0.5,2,4,0.0,0.0,1.0
219,0.0,0,2,cluster_minilm_hdbscan_2,1.4285714285714286,10,7,0.0,0.0,1.0
220,0.5,1,2,cluster_minilm_hdbscan_2,0.9375,15,16,0.0,0.0,1.0
221,2.0,4,2,cluster_minilm_hdbscan_2,0.5454545454545454,6,11,0.0,0.0,1.0
222,0.5,1,2,cluster_minilm_hdbscan_2,1.2857142857142858,45,35,0.0,0.0,1.0
223,0.5,1,2,cluster_minilm_hdbscan_2,1.2857142857142858,18,14,5.0,5.0,1.0
224,0.0,0,2,cluster_minilm_hdbscan_2,1.1818181818181819,13,11,0.0,0.0,1.0
225,0.5,1,2,cluster_minilm_hdbscan_2,2.0,10,5,0.0,0.0,1.0
226,2.0,6,3,cluster_minilm_hdbscan_2,0.9166666666666666,11,12,0.0,0.0,1.0
227,0.6666666666666666,2,3,cluster_minilm_hdbscan_2,1.2,6,5,0.0,0.0,1.0
228,0.0,0,1,cluster_minilm_hdbscan_2,0.5714285714285714,4,7,0.0,0.0,1.0
229,1.5,3,2,cluster_minilm_hdbscan_2,0.8333333333333334,5,6,0.0,0.0,1.0
230,1.0,2,2,cluster_minilm_hdbscan_2,2.0,6,3,0.0,0.0,1.0
231,0.5,1,2,cluster_minilm_hdbscan_2,0.75,6,8,0.0,0.0,1.0
232,1.0,1,1,cluster_minilm_hdbscan_2,0.2,1,5,10.0,10.0,1.0
233,1.0,1,1,cluster_minilm_hdbscan_2,0.5,1,2,1.0,1.0,1.0
234,1.0,2,2,cluster_minilm_hdbscan_2,2.3333333333333335,7,3,1.0,1.0,1.0
235,2.0,8,4,cluster_minilm_hdbscan_2,0.875,7,8,0.0,0.0,1.0
236,0.6666666666666666,2,3,cluster_minilm_hdbscan_2,1.3333333333333333,12,9,0.0,0.0,1.0
237,1.0,2,2,cluster_minilm_hdbscan_2,0.5,6,12,0.0,0.0,1.0
238,0.5,1,2,cluster_minilm_hdbscan_2,1.5714285714285714,11,7,5.0,5.0,1.0
239,0.5,1,2,cluster_minilm_hdbscan_2,1.2,6,5,0.0,0.0,1.0
240,0.3333333333333333,1,3,cluster_minilm_hdbscan_2,1.2,12,10,0.0,0.0,1.0
241,0.5,1,2,cluster_minilm_hdbscan_2,0.25,1,4,2.0,2.0,1.0
242,0.3333333333333333,1,3,cluster_minilm_hdbscan_2,0.14285714285714285,1,7,0.0,0.0,1.0
243,0.3333333333333333,1,3,cluster_minilm_hdbscan_2,0.75,6,8,4.0,4.0,1.0
244,1.0,1,1,cluster_minilm_hdbscan_2,0.7142857142857143,5,7,0.0,0.0,1.0
245,0.0,0,3,cluster_minilm_hdbscan_2,0.8181818181818182,9,11,0.0,0.0,1.0
246,1.0,3,3,cluster_minilm_hdbscan_2,0.4444444444444444,4,9,0.0,0.0,1.0
247,0.0,0,1,cluster_minilm_hdbscan_2,2.0,28,14,0.0,0.0,1.0
248,0.0,0,2,cluster_minilm_hdbscan_2,0.9166666666666666,11,12,0.0,0.0,1.0
249,0.0,0,2,cluster_minilm_hdbscan_2,2.0,16,8,0.0,0.0,1.0
250,0.5,1,2,cluster_minilm_hdbscan_2,1.4444444444444444,13,9,0.0,0.0,1.0
251,0.6666666666666666,2,3,cluster_minilm_hdbscan_2,0.75,9,12,0.0,0.0,1.0
252,3.3333333333333335,10,3,cluster_minilm_hdbscan_2,1.0,10,10,0.0,0.0,1.0
253,1.5,3,2,cluster_minilm_hdbscan_2,1.0,2,2,0.0,0.0,1.0
254,0.6666666666666666,2,3,cluster_minilm_hdbscan_2,0.6,3,5,0.0,0.0,1.0
255,1.0,3,3,cluster_minilm_hdbscan_2,0.6666666666666666,6,9,0.0,0.0,1.0
256,0.0,0,2,cluster_minilm_hdbscan_2,1.4,7,5,0.0,0.0,1.0
257,1.5,3,2,cluster_minilm_hdbscan_2,1.0,13,13,0.0,0.0,1.0
258,2.5,5,2,cluster_minilm_hdbscan_2,0.8333333333333334,5,6,0.0,0.0,1.0
259,4.0,8,2,cluster_minilm_hdbscan_2,3.0,9,3,0.0,0.0,1.0
260,0.0,0,1,cluster_minilm_hdbscan_2,1.0,2,2,0.0,0.0,1.0
261,2.0,4,2,cluster_minilm_hdbscan_2,1.6363636363636365,18,11,0.0,0.0,1.0
262,0.3333333333333333,1,3,cluster_minilm_hdbscan_2,0.9,9,10,0.0,0.0,1.0
263,1.0,2,2,cluster_minilm_hdbscan_2,0.4,2,5,0.0,0.0,1.0
264,2.0,4,2,cluster_minilm_hdbscan_2,0.7,7,10,0.0,0.0,1.0
265,1.0,2,2,cluster_minilm_hdbscan_2,1.25,5,4,0.0,0.0,1.0
266,1.0,3,3,cluster_minilm_hdbscan_2,0.8333333333333334,5,6,5.0,5.0,1.0
267,0.5,1,2,cluster_minilm_hdbscan_2,1.0,5,5,0.0,0.0,1.0
268,4.0,8,2,cluster_minilm_hdbscan_2,2.0,14,7,0.0,0.0,1.0
269,1.5,3,2,cluster_minilm_hdbscan_2,0.9090909090909091,10,11,10.0,10.0,1.0
270,0.5,1,2,cluster_minilm_hdbscan_2,1.5789473684210527,30,19,0.0,0.0,1.0
271,1.0,2,2,cluster_minilm_hdbscan_2,0.5,10,20,5.0,5.0,1.0
272,4.5,9,2,cluster_minilm_hdbscan_2,1.5,18,12,0.0,0.0,1.0
273,1.5,3,2,cluster_minilm_hdbscan_2,1.2857142857142858,9,7,4.0,4.0,1.0
274,1.0,1,1,cluster_minilm_hdbscan_2,1.0,10,10,0.0,0.0,1.0
275,0.5,1,2,cluster_minilm_hdbscan_2,1.5,18,12,0.0,0.0,1.0
276,2.5,5,2,cluster_minilm_hdbscan_2,0.5714285714285714,4,7,3.0,3.0,1.0
277,2.0,6,3,cluster_minilm_hdbscan_2,2.3333333333333335,14,6,5.0,5.0,1.0
278,0.6666666666666666,2,3,cluster_minilm_hdbscan_2,0.3,3,10,0.0,0.0,1.0
279,5.0,10,2,cluster_minilm_hdbscan_2,1.25,15,12,0.0,0.0,1.0
280,2.5,5,2,cluster_minilm_hdbscan_2,1.8571428571428572,13,7,0.0,0.0,1.0
281,0.6666666666666666,2,3,cluster_minilm_hdbscan_2,1.0,4,4,0.0,0.0,1.0
282,1.0,2,2,cluster_minilm_hdbscan_2,1.3333333333333333,16,12,0.0,0.0,1.0
283,0.0,0,2,cluster_minilm_hdbscan_2,0.875,7,8,0.0,0.0,1.0
284,0.0,0,2,cluster_minilm_hdbscan_2,0.9736842105263158,37,38,0.0,0.0,1.0
285,2.5,5,2,cluster_minilm_hdbscan_2,0.42857142857142855,3,7,0.0,0.0,1.0
286,3.0,6,2,cluster_minilm_hdbscan_2,3.2666666666666666,49,15,0.0,0.0,1.0
287,2.0,4,2,cluster_minilm_hdbscan_2,1.3333333333333333,8,6,5.0,5.0,1.0
288,0.5,1,2,cluster_minilm_hdbscan_2,1.1428571428571428,8,7,0.0,0.0,1.0
289,1.0,2,2,cluster_minilm_hdbscan_2,1.9,19,10,5.0,5.0,1.0
290,0.0,0,1,cluster_minilm_hdbscan_2,1.5,12,8,5.0,5.0,1.0
291,2.0,4,2,cluster_minilm_hdbscan_2,1.1923076923076923,31,26,0.0,0.0,1.0
292,0.0,0,2,cluster_minilm_hdbscan_2,0.9090909090909091,10,11,0.0,0.0,1.0
293,,0,0,cluster_minilm_hdbscan_2,1.5454545454545454,17,11,0.0,0.0,1.0
294,0.6666666666666666,2,3,cluster_minilm_hdbscan_2,1.0714285714285714,45,42,0.0,0.0,1.0
295,2.0,4,2,cluster_minilm_hdbscan_2,1.2,6,5,1.0,1.0,1.0
296,0.0,0,2,cluster_minilm_hdbscan_2,0.5,2,4,0.0,0.0,1.0
297,1.3333333333333333,4,3,cluster_minilm_hdbscan_2,1.8181818181818181,20,11,0.0,0.0,1.0
298,1.6666666666666667,5,3,cluster_minilm_hdbscan_2,0.8571428571428571,6,7,0.0,0.0,1.0
299,1.0,3,3,cluster_minilm_hdbscan_2,0.6666666666666666,2,3,0.0,0.0,1.0
300,0.3333333333333333,1,3,cluster_minilm_hdbscan_2,1.4444444444444444,13,9,0.0,0.0,1.0
301,0.5,1,2,cluster_minilm_hdbscan_2,0.7272727272727273,8,11,0.0,0.0,1.0
302,0.0,0,1,cluster_minilm_hdbscan_2,2.0,14,7,0.0,0.0,1.0
303,3.0,6,2,cluster_minilm_hdbscan_2,3.6666666666666665,22,6,0.0,0.0,1.0
304,1.3333333333333333,4,3,cluster_minilm_hdbscan_2,1.125,18,16,3.0,3.0,1.0
305,1.6666666666666667,5,3,cluster_minilm_hdbscan_2,0.9473684210526315,18,19,8.0,8.0,1.0
306,0.0,0,1,cluster_minilm_hdbscan_2,0.8181818181818182,9,11,0.0,0.0,1.0
307,1.3333333333333333,4,3,cluster_minilm_hdbscan_2,1.5,3,2,0.0,0.0,1.0
308,1.0,1,1,cluster_minilm_hdbscan_2,2.25,9,4,0.0,0.0,1.0
309,0.5,1,2,cluster_minilm_hdbscan_2,2.8,14,5,0.0,0.0,1.0
310,2.0,4,2,cluster_minilm_hdbscan_2,1.7272727272727273,19,11,0.0,0.0,1.0
311,1.0,2,2,cluster_minilm_hdbscan_2,0.625,5,8,0.0,0.0,1.0
312,0.5,1,2,cluster_minilm_hdbscan_2,1.0,10,10,0.0,0.0,1.0
313,0.0,0,2,cluster_minilm_hdbscan_2,0.625,10,16,0.0,0.0,1.0
314,0.6666666666666666,2,3,cluster_minilm_hdbscan_2,1.8333333333333333,11,6,0.0,0.0,1.0
315,0.6666666666666666,2,3,cluster_minilm_hdbscan_2,1.3846153846153846,18,13,0.0,0.0,1.0
316,1.0,2,2,cluster_minilm_hdbscan_2,1.1666666666666667,7,6,3.0,3.0,1.0
317,1.0,2,2,cluster_minilm_hdbscan_2,1.7,17,10,5.0,5.0,1.0
318,0.5,1,2,cluster_minilm_hdbscan_2,0.7142857142857143,5,7,4.0,4.0,1.0
319,0.6666666666666666,2,3,cluster_minilm_hdbscan_2,1.3333333333333333,16,12,0.0,0.0,1.0
320,1.5,3,2,cluster_minilm_hdbscan_2,2.6666666666666665,16,6,3.0,3.0,1.0
321,0.6666666666666666,2,3,cluster_minilm_hdbscan_2,1.25,15,12,0.0,0.0,1.0
322,1.3333333333333333,4,3,cluster_minilm_hdbscan_2,1.0,18,18,5.0,5.0,1.0
323,1.5,3,2,cluster_minilm_hdbscan_2,1.5454545454545454,17,11,0.0,0.0,1.0
324,0.3333333333333333,1,3,cluster_minilm_hdbscan_2,2.0,14,7,2.0,2.0,1.0
325,0.0,0,2,cluster_minilm_hdbscan_2,0.8333333333333334,5,6,0.0,0.0,1.0
326,2.0,2,1,cluster_minilm_hdbscan_2,1.4285714285714286,10,7,4.0,4.0,1.0
327,1.0,2,2,cluster_minilm_hdbscan_2,0.3333333333333333,2,6,0.0,0.0,1.0
328,2.0,4,2,cluster_minilm_hdbscan_2,0.75,12,16,0.0,0.0,1.0
329,2.0,4,2,cluster_minilm_hdbscan_2,0.75,6,8,0.0,0.0,1.0
330,1.0,2,2,cluster_minilm_hdbscan_2,0.3333333333333333,3,9,0.0,0.0,1.0
331,1.0,2,2,cluster_minilm_hdbscan_2,1.875,15,8,0.0,0.0,1.0
332,1.0,3,3,cluster_minilm_hdbscan_2,1.3333333333333333,8,6,0.0,0.0,1.0
333,1.0,3,3,cluster_minilm_hdbscan_2,0.8181818181818182,9,11,0.0,0.0,1.0
334,2.0,6,3,cluster_minilm_hdbscan_2,2.3,23,10,0.0,0.0,1.0
335,1.0,2,2,cluster_minilm_hdbscan_2,0.4666666666666667,7,15,0.0,0.0,1.0
336,0.6666666666666666,2,3,cluster_minilm_hdbscan_2,0.9,9,10,0.0,0.0,1.0
337,2.5,5,2,cluster_minilm_hdbscan_2,0.5,3,6,0.0,0.0,1.0
338,0.0,0,2,cluster_minilm_hdbscan_2,1.2222222222222223,11,9,0.0,0.0,1.0
339,1.6666666666666667,5,3,cluster_minilm_hdbscan_2,1.1818181818181819,13,11,0.0,0.0,1.0
340,2.5,5,2,cluster_minilm_hdbscan_2,0.7142857142857143,5,7,10.0,10.0,1.0
341,0.6666666666666666,2,3,cluster_minilm_hdbscan_2,2.0,20,10,0.0,0.0,1.0
342,0.5,1,2,cluster_minilm_hdbscan_2,0.25,2,8,0.0,0.0,1.0
343,1.3333333333333333,4,3,cluster_minilm_hdbscan_2,1.1666666666666667,7,6,0.0,0.0,1.0
344,2.5,5,2,cluster_minilm_hdbscan_2,1.2333333333333334,37,30,0.0,0.0,1.0
345,2.3333333333333335,7,3,cluster_minilm_hdbscan_2,2.4,24,10,0.0,0.0,1.0
346,1.0,2,2,cluster_minilm_hdbscan_2,0.9444444444444444,17,18,0.0,0.0,1.0
347,4.333333333333333,13,3,cluster_minilm_hdbscan_2,2.0,16,8,0.0,0.0,1.0
348,1.3333333333333333,4,3,cluster_minilm_hdbscan_2,0.9090909090909091,10,11,0.0,0.0,1.0
349,0.3333333333333333,1,3,cluster_minilm_hdbscan_2,1.5,12,8,0.0,0.0,1.0
350,0.5,1,2,cluster_minilm_hdbscan_2,0.8333333333333334,5,6,0.0,0.0,1.0
351,1.0,2,2,cluster_minilm_hdbscan_2,0.75,6,8,0.0,0.0,1.0
352,2.0,6,3,cluster_minilm_hdbscan_2,2.0,12,6,0.0,0.0,1.0
353,2.0,4,2,cluster_minilm_hdbscan_2,0.2857142857142857,2,7,0.0,0.0,1.0
354,1.0,2,2,cluster_minilm_hdbscan_2,0.25,1,4,0.0,0.0,1.0
355,0.25,1,4,cluster_minilm_hdbscan_2,1.2222222222222223,11,9,0.0,0.0,1.0
356,1.0,2,2,cluster_minilm_hdbscan_2,1.1428571428571428,8,7,8.0,8.0,1.0
357,2.6666666666666665,8,3,cluster_minilm_hdbscan_2,1.1428571428571428,8,7,0.0,0.0,1.0
358,0.0,0,3,cluster_minilm_hdbscan_2,1.0,10,10,0.0,0.0,1.0
359,1.0,4,4,cluster_minilm_hdbscan_2,1.1333333333333333,17,15,10.0,10.0,1.0
360,0.6666666666666666,2,3,cluster_minilm_hdbscan_2,1.5,15,10,0.0,0.0,1.0
361,0.6666666666666666,2,3,cluster_minilm_hdbscan_2,2.2857142857142856,16,7,6.0,6.0,1.0
362,0.0,0,2,cluster_minilm_hdbscan_2,2.0,10,5,5.0,5.0,1.0
363,0.6666666666666666,2,3,cluster_minilm_hdbscan_2,0.0,0,2,0.0,0.0,1.0
364,2.5,5,2,cluster_minilm_hdbscan_2,1.75,7,4,0.0,0.0,1.0
365,1.3333333333333333,4,3,cluster_minilm_hdbscan_2,1.2,6,5,0.0,0.0,1.0
366,1.0,2,2,cluster_minilm_hdbscan_2,1.6,16,10,4.0,4.0,1.0
367,0.5,1,2,cluster_minilm_hdbscan_2,0.8421052631578947,16,19,3.0,3.0,1.0
368,2.5,5,2,cluster_minilm_hdbscan_2,1.1666666666666667,7,6,0.0,0.0,1.0
369,1.0,1,1,cluster_minilm_hdbscan_2,0.5,2,4,10.0,10.0,1.0
370,0.5,1,2,cluster_minilm_hdbscan_2,2.0,20,10,0.0,0.0,1.0
371,2.5,5,2,cluster_minilm_hdbscan_2,2.25,9,4,3.0,3.0,1.0
372,1.6666666666666667,5,3,cluster_minilm_hdbscan_2,1.6666666666666667,10,6,0.0,0.0,1.0
373,1.25,5,4,cluster_minilm_hdbscan_2,0.8333333333333334,5,6,0.0,0.0,1.0
374,0.6666666666666666,2,3,cluster_minilm_hdbscan_2,2.3333333333333335,14,6,0.0,0.0,1.0
375,3.0,6,2,cluster_minilm_hdbscan_2,3.3333333333333335,10,3,0.0,0.0,1.0
376,0.5,1,2,cluster_minilm_hdbscan_2,0.375,3,8,0.0,0.0,1.0
377,3.0,6,2,cluster_minilm_hdbscan_2,1.0,5,5,0.0,0.0,1.0
378,2.0,6,3,cluster_minilm_hdbscan_2,1.7777777777777777,16,9,0.0,0.0,1.0
379,0.0,0,1,cluster_minilm_hdbscan_2,1.0,5,5,2.0,2.0,1.0
380,1.0,2,2,cluster_minilm_hdbscan_2,2.3333333333333335,7,3,0.0,0.0,1.0
381,0.5,2,4,cluster_minilm_hdbscan_2,0.5555555555555556,5,9,0.0,0.0,1.0
382,3.5,7,2,cluster_minilm_hdbscan_2,1.6,16,10,0.0,0.0,1.0
383,2.0,2,1,cluster_minilm_hdbscan_2,1.1666666666666667,7,6,3.0,3.0,1.0
384,0.5,1,2,cluster_minilm_hdbscan_2,1.2857142857142858,9,7,5.0,5.0,1.0
385,0.75,3,4,cluster_minilm_hdbscan_2,1.3125,21,16,4.0,4.0,1.0
386,1.5,3,2,cluster_minilm_hdbscan_2,1.6,8,5,0.0,0.0,1.0
387,1.6666666666666667,5,3,cluster_minilm_hdbscan_2,1.2222222222222223,11,9,0.0,0.0,1.0
388,0.0,0,2,cluster_minilm_hdbscan_2,2.142857142857143,15,7,4.0,4.0,1.0
389,1.0,2,2,cluster_minilm_hdbscan_2,1.5,9,6,0.0,0.0,1.0
390,1.0,3,3,cluster_minilm_hdbscan_2,2.2,11,5,4.0,4.0,1.0
391,1.0,1,1,cluster_minilm_hdbscan_2,1.5,9,6,0.0,0.0,1.0
392,0.0,0,2,cluster_minilm_hdbscan_2,0.7894736842105263,15,19,0.0,0.0,1.0
393,2.5,5,2,cluster_minilm_hdbscan_2,1.3636363636363635,15,11,0.0,0.0,1.0
394,0.3333333333333333,1,3,cluster_minilm_hdbscan_2,1.3421052631578947,51,38,0.0,0.0,1.0
395,0.6666666666666666,2,3,cluster_minilm_hdbscan_2,1.037037037037037,28,27,0.0,0.0,1.0
396,0.0,0,2,cluster_minilm_hdbscan_2,0.5,4,8,0.0,0.0,1.0
397,2.0,6,3,cluster_minilm_hdbscan_2,1.2857142857142858,9,7,0.0,0.0,1.0
398,5.0,10,2,cluster_minilm_hdbscan_2,2.3333333333333335,14,6,10.0,10.0,1.0
399,4.0,4,1,cluster_minilm_hdbscan_2,0.5,2,4,0.0,0.0,1.0
400,1.3333333333333333,4,3,cluster_minilm_hdbscan_2,0.8571428571428571,6,7,2.0,2.0,1.0
401,0.0,0,2,cluster_minilm_hdbscan_2,1.3157894736842106,25,19,10.0,10.0,1.0
402,0.0,0,1,cluster_minilm_hdbscan_2,0.8823529411764706,15,17,0.0,0.0,1.0
403,1.25,5,4,cluster_minilm_hdbscan_2,0.7142857142857143,5,7,0.0,0.0,1.0
404,0.6666666666666666,2,3,cluster_minilm_hdbscan_2,0.8888888888888888,8,9,0.0,0.0,1.0
405,1.0,2,2,cluster_minilm_hdbscan_2,0.8333333333333334,10,12,0.0,0.0,1.0
406,0.5,1,2,cluster_minilm_hdbscan_2,1.1818181818181819,13,11,0.0,0.0,1.0
407,2.0,2,1,cluster_minilm_hdbscan_2,2.3333333333333335,14,6,0.0,0.0,1.0
408,0.3333333333333333,1,3,cluster_minilm_hdbscan_2,0.6666666666666666,4,6,0.0,0.0,1.0
409,0.5,2,4,cluster_minilm_hdbscan_2,0.6666666666666666,6,9,0.0,0.0,1.0
410,0.5,1,2,cluster_minilm_hdbscan_2,2.5,20,8,0.0,0.0,1.0
411,0.3333333333333333,1,3,cluster_minilm_hdbscan_2,0.75,6,8,0.0,0.0,1.0
412,1.5,3,2,cluster_minilm_hdbscan_2,5.333333333333333,16,3,0.0,0.0,1.0
413,0.6666666666666666,2,3,cluster_minilm_hdbscan_2,1.0,4,4,4.0,4.0,1.0
414,1.0,3,3,cluster_minilm_hdbscan_2,1.4745762711864407,87,59,0.0,0.0,1.0
415,0.6666666666666666,2,3,cluster_minilm_hdbscan_2,1.1428571428571428,8,7,8.0,8.0,1.0
416,2.0,4,2,cluster_minilm_hdbscan_2,1.0,7,7,0.0,0.0,1.0
417,0.5,1,2,cluster_minilm_hdbscan_2,3.6666666666666665,11,3,0.0,0.0,1.0
418,1.5,3,2,cluster_minilm_hdbscan_2,1.0,8,8,0.0,0.0,1.0
419,0.0,0,2,cluster_minilm_hdbscan_2,0.75,6,8,0.0,0.0,1.0
420,4.0,4,1,cluster_minilm_hdbscan_2,1.0,11,11,5.0,5.0,1.0
421,1.6666666666666667,5,3,cluster_minilm_hdbscan_2,2.5,15,6,5.0,5.0,1.0
422,0.0,0,2,cluster_minilm_hdbscan_2,0.42857142857142855,3,7,0.0,0.0,1.0
423,0.0,0,2,cluster_minilm_hdbscan_2,0.0,0,3,0.0,0.0,1.0
424,1.0,2,2,cluster_minilm_hdbscan_2,1.0833333333333333,13,12,0.0,0.0,1.0
425,0.3333333333333333,1,3,cluster_minilm_hdbscan_2,1.125,36,32,4.0,4.0,1.0
426,1.0,1,1,cluster_minilm_hdbscan_2,1.0,7,7,0.0,0.0,1.0
427,1.3333333333333333,4,3,cluster_minilm_hdbscan_2,1.4,7,5,0.0,0.0,1.0
428,2.0,2,1,cluster_minilm_hdbscan_2,0.42857142857142855,3,7,3.0,3.0,1.0
429,1.3333333333333333,4,3,cluster_minilm_hdbscan_2,0.5,2,4,0.0,0.0,1.0
430,0.6666666666666666,2,3,cluster_minilm_hdbscan_2,1.4166666666666667,17,12,4.0,4.0,1.0
431,1.0,2,2,cluster_minilm_hdbscan_2,2.3333333333333335,14,6,0.0,0.0,1.0
432,1.5,3,2,cluster_minilm_hdbscan_2,1.75,7,4,0.0,0.0,1.0
433,0.0,0,2,cluster_minilm_hdbscan_2,0.6666666666666666,6,9,0.0,0.0,1.0
434,0.3333333333333333,1,3,cluster_minilm_hdbscan_2,1.0,11,11,0.0,0.0,1.0
435,0.5,1,2,cluster_minilm_hdbscan_2,0.8571428571428571,6,7,4.0,4.0,1.0
436,0.0,0,1,cluster_minilm_hdbscan_2,2.0,6,3,0.0,0.0,1.0
437,1.5,3,2,cluster_minilm_hdbscan_2,1.0,8,8,0.0,0.0,1.0
438,2.0,4,2,cluster_minilm_hdbscan_2,1.1428571428571428,8,7,5.0,5.0,1.0
439,2.5,5,2,cluster_minilm_hdbscan_2,4.333333333333333,13,3,6.0,6.0,1.0
440,2.5,5,2,cluster_minilm_hdbscan_2,2.0,4,2,0.0,0.0,1.0
441,3.5,7,2,cluster_minilm_hdbscan_2,1.875,15,8,2.0,2.0,1.0
442,1.0,2,2,cluster_minilm_hdbscan_2,0.25,1,4,0.0,0.0,1.0
443,1.5,3,2,cluster_minilm_hdbscan_2,0.625,5,8,0.0,0.0,1.0
444,1.6666666666666667,5,3,cluster_minilm_hdbscan_2,1.8333333333333333,11,6,0.0,0.0,1.0
445,0.5,1,2,cluster_minilm_hdbscan_2,1.4,7,5,0.0,0.0,1.0
446,1.0,3,3,cluster_minilm_hdbscan_2,1.1111111111111112,10,9,10.0,10.0,1.0
447,0.0,0,2,cluster_minilm_hdbscan_2,2.2857142857142856,16,7,0.0,0.0,1.0
448,2.0,4,2,cluster_minilm_hdbscan_2,1.4,7,5,0.0,0.0,1.0
449,2.5,5,2,cluster_minilm_hdbscan_2,1.5,9,6,0.0,0.0,1.0
450,1.0,3,3,cluster_minilm_hdbscan_2,1.4,7,5,0.0,0.0,1.0
451,0.5,1,2,cluster_minilm_hdbscan_2,0.6,3,5,4.0,4.0,1.0
452,0.5,1,2,cluster_minilm_hdbscan_2,0.8571428571428571,6,7,0.0,0.0,1.0
453,4.0,8,2,cluster_minilm_hdbscan_2,1.3333333333333333,8,6,0.0,0.0,1.0
454,1.5,3,2,cluster_minilm_hdbscan_2,0.7142857142857143,5,7,0.0,0.0,1.0
455,1.0,2,2,cluster_minilm_hdbscan_2,0.75,3,4,0.0,0.0,1.0
456,1.0,3,3,cluster_minilm_hdbscan_2,1.5,9,6,4.0,4.0,1.0
457,2.0,6,3,cluster_minilm_hdbscan_2,1.8,9,5,5.0,5.0,1.0
458,1.5,6,4,cluster_minilm_hdbscan_2,1.8571428571428572,13,7,0.0,0.0,1.0
459,0.6666666666666666,2,3,cluster_minilm_hdbscan_2,1.4,7,5,0.0,0.0,1.0
460,0.0,0,2,cluster_minilm_hdbscan_2,0.875,7,8,4.0,4.0,1.0
461,2.0,2,1,cluster_minilm_hdbscan_2,2.6,13,5,0.0,0.0,1.0
462,0.5,1,2,cluster_minilm_hdbscan_2,1.0,4,4,0.0,0.0,1.0
463,0.5,1,2,cluster_minilm_hdbscan_2,0.6,3,5,0.0,0.0,1.0
464,0.5,1,2,cluster_minilm_hdbscan_2,0.5,4,8,6.0,6.0,1.0
465,2.5,5,2,cluster_minilm_hdbscan_2,1.75,7,4,0.0,0.0,1.0
466,4.0,12,3,cluster_minilm_hdbscan_2,2.0,12,6,0.0,0.0,1.0
467,1.5,3,2,cluster_minilm_hdbscan_2,1.8,9,5,0.0,0.0,1.0
468,1.0,2,2,cluster_minilm_hdbscan_2,1.1111111111111112,10,9,0.0,0.0,1.0
469,4.0,8,2,cluster_minilm_hdbscan_2,1.2857142857142858,9,7,0.0,0.0,1.0
470,0.0,0,2,cluster_minilm_hdbscan_2,0.25,1,4,0.0,0.0,1.0
471,1.0,2,2,cluster_minilm_hdbscan_2,2.125,17,8,0.0,0.0,1.0
472,0.3333333333333333,1,3,cluster_minilm_hdbscan_2,0.5714285714285714,4,7,10.0,10.0,1.0
473,1.0,2,2,cluster_minilm_hdbscan_2,0.25,2,8,0.0,0.0,1.0
474,1.6666666666666667,5,3,cluster_minilm_hdbscan_2,1.0,8,8,0.0,0.0,1.0
475,2.0,4,2,cluster_minilm_hdbscan_2,1.55,31,20,0.0,0.0,1.0
476,0.0,0,3,cluster_minilm_hdbscan_2,2.272727272727273,25,11,0.0,0.0,1.0
477,2.5,5,2,cluster_minilm_hdbscan_2,1.75,7,4,0.0,0.0,1.0
478,0.0,0,1,cluster_minilm_hdbscan_2,0.75,6,8,0.0,0.0,1.0
479,4.5,9,2,cluster_minilm_hdbscan_2,2.2,11,5,0.0,0.0,1.0
480,2.0,6,3,cluster_minilm_hdbscan_2,0.875,7,8,0.0,0.0,1.0
481,2.0,4,2,cluster_minilm_hdbscan_2,0.8,4,5,0.0,0.0,1.0
482,2.5,5,2,cluster_minilm_hdbscan_2,1.8571428571428572,13,7,0.0,0.0,1.0
483,0.0,0,2,cluster_minilm_hdbscan_2,1.3333333333333333,8,6,0.0,0.0,1.0
484,1.5,3,2,cluster_minilm_hdbscan_2,1.25,5,4,3.0,3.0,1.0
485,0.5,1,2,cluster_minilm_hdbscan_2,2.2,11,5,0.0,0.0,1.0
486,3.5,7,2,cluster_minilm_hdbscan_2,0.5,2,4,0.0,0.0,1.0
487,0.5,1,2,cluster_minilm_hdbscan_2,0.6666666666666666,4,6,0.0,0.0,1.0
488,0.6666666666666666,2,3,cluster_minilm_hdbscan_2,0.8571428571428571,6,7,0.0,0.0,1.0
489,0.0,0,2,cluster_minilm_hdbscan_2,0.6666666666666666,2,3,0.0,0.0,1.0
490,4.0,4,1,cluster_minilm_hdbscan_2,2.0,8,4,0.0,0.0,1.0
491,0.5,1,2,cluster_minilm_hdbscan_2,0.8333333333333334,5,6,0.0,0.0,1.0
492,3.0,3,1,cluster_minilm_hdbscan_2,2.3333333333333335,7,3,0.0,0.0,1.0
493,1.5,3,2,cluster_minilm_hdbscan_2,2.0,4,2,5.0,5.0,1.0
494,0.5,1,2,cluster_minilm_hdbscan_2,1.1666666666666667,7,6,0.0,0.0,1.0
495,0.5,1,2,cluster_minilm_hdbscan_2,0.25,1,4,0.0,0.0,1.0
496,1.0,1,1,cluster_minilm_hdbscan_2,0.42857142857142855,3,7,0.0,0.0,1.0
497,1.0,2,2,cluster_minilm_hdbscan_2,3.5,14,4,0.0,0.0,1.0
498,3.5,7,2,cluster_minilm_hdbscan_2,1.25,10,8,0.0,0.0,1.0
499,0.0,0,2,cluster_minilm_hdbscan_2,0.2857142857142857,2,7,0.0,0.0,1.0
500,1.0,3,3,cluster_minilm_hdbscan_2,1.4285714285714286,10,7,3.0,3.0,1.0
501,1.0,3,3,cluster_minilm_hdbscan_2,0.875,7,8,4.0,4.0,1.0
502,0.0,0,2,cluster_minilm_hdbscan_2,0.75,3,4,0.0,0.0,1.0
503,2.5,5,2,cluster_minilm_hdbscan_2,0.875,7,8,8.0,8.0,1.0
504,2.0,4,2,cluster_minilm_hdbscan_2,2.25,9,4,0.0,0.0,1.0
505,0.5,2,4,cluster_minilm_hdbscan_2,0.8,4,5,0.0,0.0,1.0
506,2.5,5,2,cluster_minilm_hdbscan_2,1.1666666666666667,7,6,0.0,0.0,1.0
507,7.0,14,2,cluster_minilm_hdbscan_2,3.4285714285714284,24,7,0.0,0.0,1.0
508,4.5,9,2,cluster_minilm_hdbscan_2,1.5714285714285714,11,7,0.0,0.0,1.0
509,0.5,2,4,cluster_minilm_hdbscan_2,0.42857142857142855,6,14,0.0,0.0,1.0
510,1.0,3,3,cluster_minilm_hdbscan_2,1.5,6,4,0.0,0.0,1.0
511,0.6666666666666666,2,3,cluster_minilm_hdbscan_2,0.3,3,10,0.0,0.0,1.0
512,0.0,0,1,cluster_minilm_hdbscan_2,1.75,7,4,0.0,0.0,1.0
513,3.0,9,3,cluster_minilm_hdbscan_2,2.0,16,8,0.0,0.0,1.0
514,0.0,0,3,cluster_minilm_hdbscan_2,1.6666666666666667,10,6,0.0,0.0,1.0
515,0.6666666666666666,2,3,cluster_minilm_hdbscan_2,0.4444444444444444,4,9,4.0,4.0,1.0
516,0.5,1,2,cluster_minilm_hdbscan_2,1.25,5,4,0.0,0.0,1.0
517,1.5,3,2,cluster_minilm_hdbscan_2,2.5,15,6,0.0,0.0,1.0
518,1.0,2,2,cluster_minilm_hdbscan_2,0.75,3,4,0.0,0.0,1.0
519,1.5,3,2,cluster_minilm_hdbscan_2,0.6666666666666666,2,3,0.0,0.0,1.0
520,2.0,2,1,cluster_minilm_hdbscan_2,0.4,2,5,0.0,0.0,1.0
521,0.5,2,4,cluster_minilm_hdbscan_2,0.5,3,6,0.0,0.0,1.0
522,0.6666666666666666,2,3,cluster_minilm_hdbscan_2,0.5,7,14,0.0,0.0,1.0
523,0.5,1,2,cluster_minilm_hdbscan_2,2.2,11,5,0.0,0.0,1.0
524,3.0,6,2,cluster_minilm_hdbscan_2,0.5,4,8,0.0,0.0,1.0
525,2.5,5,2,cluster_minilm_hdbscan_2,1.5714285714285714,11,7,4.0,4.0,1.0
526,0.0,0,1,cluster_minilm_hdbscan_2,1.2222222222222223,11,9,0.0,0.0,1.0
527,1.0,2,2,cluster_minilm_hdbscan_2,1.1111111111111112,10,9,0.0,0.0,1.0
528,0.3333333333333333,1,3,cluster_minilm_hdbscan_2,1.5,9,6,0.0,0.0,1.0
529,0.3333333333333333,1,3,cluster_minilm_hdbscan_2,0.7142857142857143,5,7,0.0,0.0,1.0
530,0.3333333333333333,1,3,cluster_minilm_hdbscan_2,0.5,4,8,0.0,0.0,1.0
531,1.0,2,2,cluster_minilm_hdbscan_2,1.0,2,2,0.0,0.0,1.0
532,2.3333333333333335,7,3,cluster_minilm_hdbscan_2,1.3333333333333333,16,12,0.0,0.0,1.0
533,1.5,3,2,cluster_minilm_hdbscan_2,1.6666666666666667,15,9,0.0,0.0,1.0
534,0.0,0,1,cluster_minilm_hdbscan_2,0.5714285714285714,8,14,0.0,0.0,1.0
535,2.0,2,1,cluster_minilm_hdbscan_2,1.25,5,4,0.0,0.0,1.0
536,1.0,2,2,cluster_minilm_hdbscan_2,0.7142857142857143,5,7,0.0,0.0,1.0
537,2.5,5,2,cluster_minilm_hdbscan_2,1.75,14,8,0.0,0.0,1.0
538,0.5,1,2,cluster_minilm_hdbscan_2,1.4054054054054055,52,37,0.0,0.0,1.0
539,0.6666666666666666,2,3,cluster_minilm_hdbscan_2,0.8571428571428571,6,7,0.0,0.0,1.0
540,1.3333333333333333,4,3,cluster_minilm_hdbscan_2,1.75,21,12,3.0,3.0,1.0
-1,2.6666666666666665,8,3,cluster_minilm_hdbscan_30,1.1818181818181819,13,11,,,
0,6.5,13,2,cluster_minilm_hdbscan_30,1.1666666666666667,7,6,0.0,0.0,1.0
1,2.3333333333333335,7,3,cluster_minilm_hdbscan_30,1.0714285714285714,15,14,0.0,0.0,1.0
2,1.25,5,4,cluster_minilm_hdbscan_30,0.8333333333333334,5,6,0.0,0.0,1.0
3,1.6666666666666667,5,3,cluster_minilm_hdbscan_30,0.5,4,8,2.0,2.0,1.0
4,3.3333333333333335,10,3,cluster_minilm_hdbscan_30,0.8571428571428571,6,7,0.0,0.0,1.0
5,1.3333333333333333,4,3,cluster_minilm_hdbscan_30,3.6,18,5,0.0,0.0,1.0
6,4.0,8,2,cluster_minilm_hdbscan_30,1.4444444444444444,13,9,0.0,0.0,1.0
7,0.5,1,2,cluster_minilm_hdbscan_30,1.7142857142857142,12,7,0.0,0.0,1.0
8,1.3333333333333333,4,3,cluster_minilm_hdbscan_30,0.8333333333333334,5,6,0.0,0.0,1.0
9,0.0,0,1,cluster_minilm_hdbscan_30,1.5263157894736843,29,19,0.0,0.0,1.0
10,2.5,5,2,cluster_minilm_hdbscan_30,0.5,6,12,0.0,0.0,1.0
11,0.5,1,2,cluster_minilm_hdbscan_30,1.3,13,10,0.0,0.0,1.0
12,1.0,4,4,cluster_minilm_hdbscan_30,1.5714285714285714,11,7,5.0,5.0,1.0
13,0.0,0,3,cluster_minilm_hdbscan_30,3.6,18,5,0.0,0.0,1.0
14,3.0,9,3,cluster_minilm_hdbscan_30,1.1428571428571428,8,7,0.0,0.0,1.0
15,0.3333333333333333,1,3,cluster_minilm_hdbscan_30,3.0,27,9,0.0,0.0,1.0
16,1.5,3,2,cluster_minilm_hdbscan_30,0.96,24,25,5.0,5.0,1.0
17,0.6666666666666666,2,3,cluster_minilm_hdbscan_30,1.0,8,8,0.0,0.0,1.0
18,2.0,6,3,cluster_minilm_hdbscan_30,1.3333333333333333,8,6,0.0,0.0,1.0
-1,1.6666666666666667,5,3,cluster_minilm_hdbscan_35,1.1818181818181819,13,11,,,
0,6.5,13,2,cluster_minilm_hdbscan_35,1.1666666666666667,7,6,0.0,0.0,1.0
1,7.666666666666667,23,3,cluster_minilm_hdbscan_35,1.0714285714285714,15,14,0.0,0.0,1.0
2,1.0,4,4,cluster_minilm_hdbscan_35,0.8333333333333334,5,6,0.0,0.0,1.0
3,1.6666666666666667,5,3,cluster_minilm_hdbscan_35,0.5,4,8,2.0,2.0,1.0
4,1.6666666666666667,5,3,cluster_minilm_hdbscan_35,1.0,7,7,0.0,0.0,1.0
5,1.0,2,2,cluster_minilm_hdbscan_35,1.7142857142857142,12,7,0.0,0.0,1.0
6,0.0,0,2,cluster_minilm_hdbscan_35,1.2727272727272727,14,11,5.0,5.0,1.0
7,2.5,5,2,cluster_minilm_hdbscan_35,0.5,6,12,0.0,0.0,1.0
8,3.5,7,2,cluster_minilm_hdbscan_35,1.1666666666666667,7,6,0.0,0.0,1.0
9,0.25,1,4,cluster_minilm_hdbscan_35,0.8333333333333334,5,6,0.0,0.0,1.0
10,0.6666666666666666,2,3,cluster_minilm_hdbscan_35,1.5263157894736843,29,19,10.0,10.0,1.0
11,4.0,8,2,cluster_minilm_hdbscan_35,1.4444444444444444,13,9,0.0,0.0,1.0
12,1.5,6,4,cluster_minilm_hdbscan_35,1.5714285714285714,11,7,10.0,10.0,1.0
13,2.5,5,2,cluster_minilm_hdbscan_35,1.4,7,5,0.0,0.0,1.0
14,2.0,4,2,cluster_minilm_hdbscan_35,3.6,18,5,0.0,0.0,1.0
15,1.5,3,2,cluster_minilm_hdbscan_35,1.5454545454545454,17,11,0.0,0.0,1.0
16,,0,0,cluster_minilm_hdbscan_35,0.96,24,25,5.0,5.0,1.0
17,1.0,2,2,cluster_minilm_hdbscan_35,1.0,8,8,0.0,0.0,1.0
18,1.5,3,2,cluster_minilm_hdbscan_35,1.3333333333333333,8,6,0.0,0.0,1.0
-1,0.75,3,4,cluster_minilm_hdbscan_40,1.1818181818181819,13,11,,,
0,1.6666666666666667,5,3,cluster_minilm_hdbscan_40,1.1666666666666667,7,6,0.0,0.0,1.0
1,1.0,4,4,cluster_minilm_hdbscan_40,0.8333333333333334,5,6,0.0,0.0,1.0
2,1.3333333333333333,4,3,cluster_minilm_hdbscan_40,0.5,4,8,2.0,2.0,1.0
3,0.0,0,1,cluster_minilm_hdbscan_40,0.8571428571428571,6,7,0.0,0.0,1.0
4,3.5,7,2,cluster_minilm_hdbscan_40,1.7142857142857142,12,7,0.0,0.0,1.0
5,0.3333333333333333,1,3,cluster_minilm_hdbscan_40,0.45454545454545453,5,11,0.0,0.0,1.0
6,5.0,5,1,cluster_minilm_hdbscan_40,1.1666666666666667,7,6,0.0,0.0,1.0
7,2.0,4,2,cluster_minilm_hdbscan_40,1.7142857142857142,24,14,3.0,3.0,1.0
8,4.5,9,2,cluster_minilm_hdbscan_40,1.4444444444444444,13,9,0.0,0.0,1.0
9,2.0,4,2,cluster_minilm_hdbscan_40,1.4,7,5,0.0,0.0,1.0
10,0.5,1,2,cluster_minilm_hdbscan_40,3.6,18,5,0.0,0.0,1.0
11,0.75,3,4,cluster_minilm_hdbscan_40,1.5714285714285714,11,7,5.0,5.0,1.0
12,,0,0,cluster_minilm_hdbscan_40,0.6875,11,16,5.0,5.0,1.0
13,0.6666666666666666,2,3,cluster_minilm_hdbscan_40,3.0,27,9,0.0,0.0,1.0
14,1.5,3,2,cluster_minilm_hdbscan_40,1.0,8,8,0.0,0.0,1.0
15,1.6666666666666667,5,3,cluster_minilm_hdbscan_40,1.3333333333333333,8,6,0.0,0.0,1.0
-1,1.0,2,2,cluster_minilm_hdbscan_45,1.0,12,12,,,
0,1.0,4,4,cluster_minilm_hdbscan_45,0.8333333333333334,5,6,0.0,0.0,1.0
1,1.25,5,4,cluster_minilm_hdbscan_45,0.5,4,8,0.0,0.0,1.0
2,0.75,3,4,cluster_minilm_hdbscan_45,0.8571428571428571,6,7,0.0,0.0,1.0
3,1.6666666666666667,5,3,cluster_minilm_hdbscan_45,0.8,4,5,0.0,0.0,1.0
4,2.0,6,3,cluster_minilm_hdbscan_45,0.7,7,10,0.0,0.0,1.0
5,4.0,8,2,cluster_minilm_hdbscan_45,1.4444444444444444,13,9,0.0,0.0,1.0
6,3.5,7,2,cluster_minilm_hdbscan_45,1.5625,25,16,4.0,4.0,1.0
7,1.0,1,1,cluster_minilm_hdbscan_45,3.6,18,5,0.0,0.0,1.0
8,0.0,0,2,cluster_minilm_hdbscan_45,1.4,7,5,0.0,0.0,1.0
9,0.6666666666666666,2,3,cluster_minilm_hdbscan_45,1.5714285714285714,11,7,0.0,0.0,1.0
10,0.3333333333333333,1,3,cluster_minilm_hdbscan_45,3.0,27,9,0.0,0.0,1.0
11,0.6666666666666666,2,3,cluster_minilm_hdbscan_45,0.88,22,25,5.0,5.0,1.0
12,2.0,6,3,cluster_minilm_hdbscan_45,1.0,8,8,0.0,0.0,1.0
13,1.5,3,2,cluster_minilm_hdbscan_45,1.3333333333333333,8,6,0.0,0.0,1.0
-1,1.6666666666666667,5,3,cluster_minilm_hdbscan_50,1.4444444444444444,13,9,,,
0,1.0,4,4,cluster_minilm_hdbscan_50,0.7777777777777778,7,9,2.0,2.0,1.0
1,2.6666666666666665,8,3,cluster_minilm_hdbscan_50,0.8571428571428571,6,7,0.0,0.0,1.0
2,7.0,14,2,cluster_minilm_hdbscan_50,1.3846153846153846,18,13,0.0,0.0,1.0
3,1.0,2,2,cluster_minilm_hdbscan_50,0.8571428571428571,6,7,0.0,0.0,1.0
4,0.5,1,2,cluster_minilm_hdbscan_50,1.4444444444444444,13,9,0.0,0.0,1.0
5,1.3333333333333333,4,3,cluster_minilm_hdbscan_50,0.7777777777777778,7,9,0.0,0.0,1.0
6,1.5,3,2,cluster_minilm_hdbscan_50,3.6,18,5,0.0,0.0,1.0
7,3.3333333333333335,10,3,cluster_minilm_hdbscan_50,1.4,7,5,0.0,0.0,1.0
8,0.75,3,4,cluster_minilm_hdbscan_50,0.8,8,10,0.0,0.0,1.0
9,1.0,2,2,cluster_minilm_hdbscan_50,1.5,24,16,4.0,4.0,1.0
-1,0.5,1,2,cluster_minilm_hdbscan_55,2.6666666666666665,16,6,,,
0,1.25,5,4,cluster_minilm_hdbscan_55,0.8333333333333334,5,6,0.0,0.0,1.0
1,1.0,3,3,cluster_minilm_hdbscan_55,0.75,6,8,0.0,0.0,1.0
2,0.5,1,2,cluster_minilm_hdbscan_55,1.0,7,7,0.0,0.0,1.0
3,0.0,0,2,cluster_minilm_hdbscan_55,1.4444444444444444,13,9,0.0,0.0,1.0
4,2.0,4,2,cluster_minilm_hdbscan_55,2.3333333333333335,14,6,0.0,0.0,1.0
5,2.0,6,3,cluster_minilm_hdbscan_55,0.75,6,8,0.0,0.0,1.0
6,4.5,9,2,cluster_minilm_hdbscan_55,1.5625,25,16,4.0,4.0,1.0
7,1.0,2,2,cluster_minilm_hdbscan_55,0.8,8,10,0.0,0.0,1.0
-1,1.0,3,3,cluster_minilm_hdbscan_60,2.2,11,5,,,
0,1.25,5,4,cluster_minilm_hdbscan_60,0.8333333333333334,5,6,0.0,0.0,1.0
1,0.5,3,6,cluster_minilm_hdbscan_60,0.75,6,8,0.0,0.0,1.0
2,2.5,5,2,cluster_minilm_hdbscan_60,1.4444444444444444,13,9,0.0,0.0,1.0
3,4.0,4,1,cluster_minilm_hdbscan_60,1.7142857142857142,24,14,4.0,4.0,1.0
4,0.6666666666666666,2,3,cluster_minilm_hdbscan_60,2.3333333333333335,14,6,0.0,0.0,1.0
5,2.0,6,3,cluster_minilm_hdbscan_60,1.0,7,7,0.0,0.0,1.0
6,0.6666666666666666,2,3,cluster_minilm_hdbscan_60,0.7,7,10,0.0,0.0,1.0
7,0.75,3,4,cluster_minilm_hdbscan_60,1.2857142857142858,9,7,0.0,0.0,1.0
0,0.0,0,1,cluster_minilm_kmeans_10,1.75,14,8,0.0,0.0,1.0
1,1.5,3,2,cluster_minilm_kmeans_10,0.7727272727272727,17,22,5.0,5.0,1.0
2,1.0,3,3,cluster_minilm_kmeans_10,2.5,20,8,0.0,0.0,1.0
3,1.0,3,3,cluster_minilm_kmeans_10,2.0,10,5,0.0,0.0,1.0
4,1.75,7,4,cluster_minilm_kmeans_10,0.8888888888888888,8,9,0.0,0.0,1.0
5,2.5,5,2,cluster_minilm_kmeans_10,0.8333333333333334,5,6,0.0,0.0,1.0
6,1.0,2,2,cluster_minilm_kmeans_10,1.625,13,8,0.0,0.0,1.0
7,1.0,4,4,cluster_minilm_kmeans_10,0.8333333333333334,5,6,3.0,3.0,1.0
8,0.25,1,4,cluster_minilm_kmeans_10,0.7857142857142857,22,28,0.0,0.0,1.0
9,0.3333333333333333,1,3,cluster_minilm_kmeans_10,0.8571428571428571,6,7,0.0,0.0,1.0
