index,token_length,reviewText
76,1123,"update 6.24.14 my 128 gb card stopped allowing writes via any of my card readers on a windows pc either when it was inside any of several full size sd card adapters with the write protect tab in either position or plugged directly into the microsd slot of the reader. microsd cards have no write protect tab, so i was quite surprised and worried by this. after failing to find any workable solution by searching online, i finally put it in my chromebook and created a new folder on it there, then stuck it back in my windows pc and it no longer gave me a write protect error. if anyone has a similar problem, i'd recommend doing something similar by putting it in any other pc, laptop, camera, etc you have available and try writing to it there. this portion of my review is necessarily being written as an update to my original review of the 64 gb version of this card, since amazon disallows multiple reviews for what they consider the same item. this portion concerns the 128 gb version of this card i don't need a fast card, so the speeds on this card were not that important, besides which my test pc is not exactly high end. therefore i didn't count off for the speed results i got below, using a usb 2.0 card adapter, but i thought they might be relevant to some readers. while the card did reach the class 10 and or uhs i requirements, it came in at under 2 3 of the claimed read speeds up to 30 mb s for fast file transfer. then again, running on a second pc using a different usb 2.0 card reader, none of the speeds even hit 5 mb s, so this seems to be highly system dependent.i only just got the card this week, and so far it works on select sdxc compatible devices and exfat compatible operating systems some sdxc compatible devices, such as the panasonic hdc tm40, do not allow cards larger than 64 gb for whatever reason this was stated in the manual, and i've confirmed this card is recognized as broken corrupt unusable in that device, whereas 64 gb exfat cards work fine. the 128 gb works fine with original exfat formatting in my toshiba excite 7.7 android tablet, and predictably not at all in my non sdxc compatible galaxy note 2 though it possibly would if reformatted to fat32, since a 64 gb card in fat32 works fine there .i'll update my review to reflect any problems, issues, etc that i notice in the coming days weeks. crystaldiskmark 3.0.3 c 2007 2013 hiyohiyocrystal dew world url removed as per amazon rules mb s 1,000,000 byte s sata 300 300,000,000 byte s sequential read 18.694 mb ssequential write 11.921 mb srandom read 512kb 18.502 mb srandom write 512kb 0.680 mb srandom read 4kb qd 1 3.339 mb s 815.1 iops random write 4kb qd 1 1.581 mb s 386.1 iops random read 4kb qd 32 3.151 mb s 769.4 iops random write 4kb qd 32 1.564 mb s 381.8 iops test 1000 mb g 0.0 0.0 119.1 gb x5 date 2014 04 24 16 53 49os windows xp professional sp3 5.1 build 2600 x86 the following is my original review of the 64 gb version of this card, published april 24, 2013 this is a high quality card. i've used it in a variety of devices, through multiple readers on different pcs, in an hd camcorder using a micro to full sized sd adapter, and i've never once had a problem with it. it even works at full capacity in some microsdhc only devices once its reformatted to fat32 such as my sandisk clip flac player and supposedly even psps via a proper adapter, though i haven't yet tested my psp . i keep anticipating someone coming out with a card with equal or better capacity and speeds at a comparable price, but i haven't seen one yet. if these were cheaper, i'd have several by now.make sure your device can handle micro or full sized sdxc cards, or is one of those rare gems that state they support only as high as sdhc but have been tested to work with sdxc cards such as this one once they've been manually reformatted to fat32."
123,1254,"i bought 64gb version of the card to use with gopro hero 3 black edition. it didn't work out. the card worked ok if camera was set to resolution with lower bit rates. e.g. worked fine in 720p with protune on, or 1080p with protune off. however, in 1080p with protune on bitrate is just shy of 6 mb s in this mode much higher then with protune turned off it was nothing but trouble. camera would sometime work, and sometime randomly stop recording for no obvious reason. i first suspected camera, but testing with different sd cards, it ended up being sandisk's card that was at fault. my spare card, an old and cheap 16gb pny also class 10 , worked just fine under same conditions and with same camera settings.once it was obvious it was problem with the card, i found people on gopro's forums that had trouble with this specific card as well well, you always find these only after you figure it out for yourself, right? . anyhow, i did some speed tests with the card by doing simple write of 1gb file full of zeros using unix dd utility to copy 1gb of zeros from dev zero where else would you find that many zeros onto a file on the card. the result was that on average, sandisk's card would manage about 10.2 mb s. just barely above the bar for class 10 card. however, that was average over 1gb. during the write test, the speed was oscillating with many spikes and drops. drops were as low as 7mb s. uh. i thought write speed of class 10 card should never dip below 10 mb s? for comparison, my old cheap class 10 pny card was chugging along at constant 13 mb s under the same test. no spikes and no drops in speed.the card will probably work fine in most devices, as bitrates when recording 1080p video are often low enough and or camera might have huge buffer. but if you want to use it to record video at high bitrates, and your device doesn't have huge buffer to compensate for speed bumps of this card, you may run into trouble. be wary of using it in hero3 in modes that have higher bit rates e.g. 1080p with protune enabled .sandisk's website lists part numbers as sdsdqui 064g with adapter, and sdsdqua 064g without adapter. this conflicts with product description on amazon. while this is likely just amazon not getting product description right again a bit too common thing , it's interesting to note. update apr 20 2013 some numbers from testing the card. the test is extremely simple. write out 1gb of zeros onto the card using standard unix dd command to read 128kb blocks of zeroes from special device dev zero and write it onto the card. 128kb 8192 1gb. dd displays transfer stats once it finishes. while dd was running, i run iostat in second terminal displaying 1 second interval stats as a measure of current speed. this was done on the mac. dd command line can be used as is to repeat test on linux system, however iostat command is different on linux and would need to be modified slightly. i choose 128kb block size, as that seems to be what device drivers merges sequential writes into anyhow. using different block sizes, results are comparable. dd if dev zero of test bs 131072 count 81928192 0 records in8192 0 records out1073741824 bytes transferred in 101.578307 secs 10570582 bytes sec so, 10 mb s and all is good? right? wrong! iostat running in parallel with above dd command recorded this iostat d w 1 disk2disk2kb t tps mb s123.11 76 9.12116.61 185 21.04122.94 49 5.88128.00 41 5.12128.00 89 11.11128.00 134 16.73128.00 69 8.61128.00 61 7.62128.00 99 12.36 ... and so on until dd finishes writing 1gb of zeros to the card ... imo, the last column should never dip under 10mb s for card labeled class 10.for comparison, same test run against samsung pro 64gb micro sd card dd if dev zero of test bs 131072 count 81928192 0 records in8192 0 records out1073741824 bytes transferred in 52.869111 secs 20309436 bytes sec iostat d w 1 disk2disk2kb t tps mb s125.30 138 16.86117.73 157 18.03123.04 150 18.00128.00 159 19.86128.00 156 19.47126.45 160 19.73128.00 150 18.72128.00 154 19.22128.00 153 19.11 ... and so on until dd finishes writing 1gb of zeros to the card ... so, samsung is on average 2x faster, but more importantly it's speed is much more constant. and critically important, it never dips under 10mb s."
721,691,"the description on the amazon page calls this a class 10 card with uhs 1 performance. and while technically correct, full hd 1080p recording . you would expect more performance in the sequential write speeds. it actually doesn't even hit the class 10 speed unless you round up 9.951 mb s . i have 2 of these cards and they both report the same speed. my kingston 8gb sdhc class 4 writes at 11.854 mb s. now keep in mind the sandisk beats the other cards in the random reads and writes. so maybe the design for those faster random reads and writes causes the sequential writes to run slower than expected. here is the test for the san disk followed by the kingston crystaldiskmark 3.0.2 c 2007 2013 hiyohiyocrystal dew world ... sandisk ultra 16gb class 10 micro sdhc uhs i speed? mb s 1,000,000 byte s sata 300 300,000,000 byte s sequential read 20.651 mb ssequential write 9.951 mb srandom read 512kb 20.191 mb srandom write 512kb 2.628 mb srandom read 4kb qd 1 3.656 mb s 892.5 iops random write 4kb qd 1 1.665 mb s 406.4 iops random read 4kb qd 32 3.293 mb s 803.9 iops random write 4kb qd 32 1.618 mb s 395.0 iops test 1000 mb f 0.0 0.0 14.8 gb x1 date 2013 03 26 21 28 09os windows 7 home premium edition sp1 6.1 build 7601 x64 crystaldiskmark 3.0.2 x64 c 2007 2013 hiyohiyocrystal dew world ... kingston 8gb sdhc class 4 mb s 1,000,000 byte s sata 300 300,000,000 byte s sequential read 20.287 mb ssequential write 11.854 mb srandom read 512kb 19.925 mb srandom write 512kb 1.728 mb srandom read 4kb qd 1 3.747 mb s 914.7 iops random write 4kb qd 1 0.017 mb s 4.2 iops random read 4kb qd 32 3.684 mb s 899.5 iops random write 4kb qd 32 0.017 mb s 4.3 iops test 1000 mb f 53.3 4047.8 7592.0 mb x1 date 2013 03 27 10 48 56os windows 7 home premium edition sp1 6.1 build 7601 x64"
988,538,"i was given this card in october to add to my new samsung galaxy s3. i was thrilled i copied a ton of music onto the card and used my phone as my mobile ipod substitute, leaving my ipod classic on my desktop in its speaker system cradle.everything worked fine until a couple of weeks ago. i started getting messages that seemed to say that i had removed and inserted the memory card. of course, i hadn't touched it. then a few days ago the phone told me that the card contained unsupported files and that i needed to reformat it. well, i tried reformatting. after that, nothing. nothing at all. i pulled the memory card, reset the phone. reinserted the card. nothing. i tried the card in the adapter on 3 computers. it wasn't even visible.i called sandisk tech support. it didn't take terribly long to convince them that i had a problem. but they quickly offered me two 16 gb cards as a replacement. i literally laughed at them. i got the disturbing sense that this is something that they are required to try. if so, that's a lousy business practice. after bouncing me around a few time, they agreed to send me an rma and a shipping label. i duly sent the card off a couple of days ago. to be frank, i have no idea at all when i might receive a replacement.if i weren't already in the grips of sandisk, i would buy another card. the fact that 10 of the comments here are negative is an indication of a real quality control problem. a 10 fail rate is simply unacceptable for a product such as this.update well, i do have to give sandisk credit for customer support. i returned the card using the supplied ups label on a tuesday and i received a replacement by ups on the following monday. that's very good service. it does, however, increase my suspicion about the offer of two 16 gb because the 32 gb cards were out of stock. if they were out of stock, they sure got in stock in a big hurry. in any event, i've upped my rating to two stars."
1054,524,"of late, sandisk appears to have lost their way a little with their flash storage products. it's almost a universal truth that all of their usb flash drives are hopelessly slow while they're usually reliable, transfer rates of 4mb sec or less are worthless when filling a 32gb drive. fortunately, their ultra line of sd cards still appears to buck this trend.formatted as ntfs and used in anelago mobile nano ii reader, i see write speeds on a 64 bit linux machine at a consistent 15 16mb sec when copying large 1gb or larger files to this card, which more than lives up to its class 10 billing. reads appear to run at about 19 20mb sec.i can't comment on reliability as i've only had the card a few days, but everything i've copied so far for testing has made it onto the card and off again with no corruption whatsoever the md5 checksum of every file i've transferred matches the source. that's more than can be said for the supertalent pico usb drive that this sd card and reader are intended to replace, which has never been quite right it's always occasionally randomly corrupted files of larger than 100mb or so, and the probability of 1gb or greater files surviving was near zero .32gb appears to be the sweet spot at the moment smaller cards don't cost that much less, and larger cards are beyond the sdhc spec and into sdxc territory, which isn't yet universal in terms of device compatibility not to mention they cost far more than double for 64gb .for what i paid for this around thanksgiving not part of any explicit sale, but definitely a lower price than appears usual as far as camelcamelcamel is concerned i'm extremely satisfied.edit i should also mention that the included mechanical full size sd adaptor is one of the worst i've ever encountered. there's a lot of friction when the microsd card is inserted, and it's a right bugger to get it out of the adaptor again. thankfully i have a few other such adaptors lying around should i ever need one this one's going in the bin."
1379,632,"i purchased this ultra microsdhc class 10 card for my media player. i wanted to replace my 4gb cardwith this one so i could store more music. i like to have a wide range of music to pick from when i amon vacation or traveling on an airplane long distances. i think i may have bought too much.this card is advertised as water proof, temperature proof, x ray proof and shock proof. i will have totake their word for it. i am not going to test it.just for fun i put the 16gb microsdhc disc 30mb s read speed into its provided adapter and used itin my cheapo cheapo toshiba camileo hd movie camera. even at the full high definition resolution of1080p 30fps this disc performed very well. no stuttering, no missed frames and all this under low lightconditions. nice. very nice. those are big files at full hd resolution. read on...this card is 'ush 1' enabled which means it is the fastest card available allegedly and should reachup to a bus interface speed of 104 mb s if the electronic device you are using requires it. of courseif your card reader or device does not support that speed you will be transferring data at your usualspeed. sort of like saying it is backward compatible but don't expect blazing speeds. you can feeddata through only so fast.transferring raw photos and a full hd digital film can take a lot of time to transfer. those are hugefiles to transfer so the ush i enabled disc is perfect for that purpose. they are working on ush iiwhich is supposed to allow up to 300mb s transfers. talk about instant gratification, we are aboutthere. here is a guide by the 'sd association' with regard to class ratings and video applications class 2 for sd video recording class 4 and 6 for high definition video hd to full hd video recording, class 10 for full hd video recording and consecutive recording of hd stills uhs speed grade 1 for real time broadcasts and large hd video files uhs speed grade 3 for 4k video files ush i overkill for a media player? probably, but for the price it was a terrific deal to get a class 10ush 1 enabled card and have the flexibility to use it in a variety of my electronic devices. hmm. onsecond thought i may just keep this card for the movie camera and get another slower one for mymedia player.as usual i have had no problems with this card. works well, in or out of the adapter, and seems verytough in it's construction. 5 stars for this little power house of a micro card."
1762,541,"sandisk ultra class 10 micro sdhc card 16gb, 32gb, and 64gb i purchased the 32gb card for my samsung galaxy s3 and the 16gb card for another video recording device. i formatted both cards in fat32 using windows 7, and functioned without drama in the respective devices. i purchased the 64gb for my gopro hero3 silver edition.the reason i chose the sandisk ultra is for the class 10 speed rating, as well as the waterproof, shockproof, vibration proof, and x ray proof durability. i had the 32gb sandisk fail after 2 months of easy usage in my samsung galaxy s3. i don't abuse my phone and it is not subject to extreme temperature vibrations. sandisk replaced it under warranty but it was quite a hassle to do this.the 16gb card however, has been subject to extreme temperatures for well over 4 months from 5f to 100f and that doesn't include solar loading from sitting under the sun, as well as 100 humidity! the 16gb card was dripping with water after i experienced water intrusion in one of my cameras, and it had been soaked in water while operating for several months.the packaging was easy to open by simply cutting across the top. however, finagling out the blister pack took some patience. the frustration free packaging is essentially a cardboard envelope sleeve with a plastic holder and the sd card adapter with microsd card inside. this is how it is shipped!overall 4 5 stars. very affordable and decently fast micro sd cards. these are perfect for smartphones or recording devices used in extreme environments. however, one of them failed within 2 months. the speeds are also inconsistent. i posted a benchmark photo on amazon showing my speeds with all 3 sizes of cards and the 32gb was the fastest.update 28 oct 2012my 32gb card has failed after just over 2 months of use in my samsung galaxy s3 phone. it started dismounting remounting intermittently by itself over night. i woke up this morning to find that the card is not readable via the phone and wouldn't work on my pc. the phone has not been abused and was not used in an extreme environment. this card was replaced under warranty by sandisk."
2017,580,"update 6 18 14 well, i suppose nothing lasts forever. after almost a year, the card has gone bad. i use the card a lot in my smartphone a t mobile samsung galaxy s3 sgh t999 . all my photos, voice recordings, and downloads go on this card, and the downloads are transferred to my computer almost daily via usb cable. a few days ago, a video file i transferred to my computer refused to play correctly. no video, and the audio was skipping and squealing, which i recognize as the sound of a corrupted file. i thought maybe the transfer didn't complete tried it again, same result. i tried to play the file right on the phone, and it didn't play on my phone! i knew there was a problem. i tried copying the video to my phone storage and playing it there, still no luck. then i deleted the video and decided to download it directly to my phone, not the sd card eureka. it played perfectly.i formatted the sdxc card twice once from the phone and once through windows and tried the same test. downloaded video file to the card, then to the phone. same result both times it wouldn't play on the sd card, but it did on the phone. all videos used to play perfectly on the sd card. finally, i swapped out the card for my older, sandisk ultra 32gb micro sdxc card. like magic, it worked perfectly no matter what i played on it. so yeah, the 64gb card is dead. i should note that the card performed flawlessly for nearly a year up until a few days ago.thankfully, sandisk ultra products like this carry an incredible lifetime warranty or 10 years for regions that don't recognize lifetime their extreme line of cards raise that to 30 years! i've contacted their support for an rma so i'll update this review as events unfold. if they replace it quickly, i'll bump this back up to 5 stars.original review i'm using a samsung galaxy s3 smartphone. sandisk ultra micro sd cards have never failed me, and this one's no exception. i used to have a 32gb card. they're fast and reliable and never corrupt data, which is more than can be said for some cheaper brands like pny those fail quite often . i can't wait to get the new 128gb model!"
2030,1614,"update 6 19 2014 so my lovely wife bought me a samsung galaxy tab 4 for father's day and i've been loving it ever since. just as other with samsung products, the galaxy tab 4 has the ability to add a microsd card to expand the memory on the device. since it's been over a year, i decided to do some more research to see if sandisk offered anything new. as of 6 19 2014, their product lineup for microsd cards from worst to best performance wise are the as follows sandisksandisk ultrasandisk ultra plussandisk extremesandisk extreme plussandisk extreme pronow, the difference between all of these cards are simply the speed in which you can read write data to the card. yes, the published rating of most all these cards except the sandisk regular are class 10 uhs i but that's just a rating... actual real world performance does get better with each model, but with faster cards come more expensive prices. since amazon doesn't carry the ultra plus model of microsd card, i had to do direct comparisons between the sandisk ultra 34.27 , extreme 57.95 , and extreme plus 67.95 .as mentioned in my earlier review, i purchased the sandisk ultra for my galaxy s4. my question was, did i want to pay over 20 more for a card that is faster than the one i already owned? or i could pay almost double to get sandisk's 2nd most fastest microsd card.the ultra works perfectly fine for my style of usage storing capturing pictures hd video and movie playback on my phone. so in the end, i ended up just buying another sandisk ultra 64gb card. i use my cell phone more than i do my tablet and if the card is good enough for my phone, it's good enough for my tablet. i don't own a 4k hd camera or anything like that, so i honestly didn't see a need to get one of the faster cards at this time.i am now a proud owner of 2 sandisk ultra cards and have absolutely 0 issues with it in my samsung devices. original review 5 1 2013 i haven't had to buy a microsd card in a long time. the last time i bought one was for my cell phone over 2 years ago. but since my cellular contract was up, i knew i would have to get a newer card in addition to my new phone, the samsung galaxy s4. reason for this is because i knew my small 16gb microsd card wasn't going to cut it.doing research on the galaxy s4, i wanted to get the best card possible that had decent capacity 32 gb or greater . this led me to find that the galaxy s4 supports the microsdxc class 10 uhs i card, which is the fastest possible given that class. searching for that specifically on amazon gave me results of only 3 vendors as of april that makes these microsdxc class 10 uhs 1 cards. they are sandisk the majority , samsung and lexar. nobody else makes these that are sold on amazon.seeing how sandisk is a pretty good name out of the 3 i've used them the most , i decided upon the sandisk because lexar was overpriced and the samsung one was overpriced as well as not eligible for amazon prime .but the scary thing is that when you filter by the sandisk, you literally get dozens of options. all of them have different model numbers, different sizes, etc. then there's that confusion of what's the difference between sdhc sdxc?sdhc vs sdxc sdhc stand for secure digital high capacity and sdxc stands for secure digital extended capacity . essentially these two cards are the same with the exception that sdhc only supports capcities up to 32gb and is formated with the fat32 file system. the sdxc cards are formatted with the exfat file system. if you use an sdxc card in a device, it must support that file system, otherwise it may not be recognizable and or you have to reformat the card to fat32.fat32 vs exfat the differences between the two file systems means that fat32 has a maximum file size of 4gb, limited by that file system. exfat on the otherhand, supports file sizes up to 2tb terabytes . the only thing you need to know here really is that it's possible your device doesn't support exfat. if that's the case, just reformat it to fat32. remember formatting erases all data!to clarify the model numbers, i i hopped over to the sandisk official webpage. what i found there is that they offer two highspeed options for sandisk cards. these are sandisk extreme pro and sandisk ultra. sandisk extreme pro is a line that supports read speeds up to 95mb sec, however they are sdhc only. to make things worse, they are currently only available in 16gb 8gb capacities. since one of my requirements was to have a lot of storage, i ruled these out.the remaining devices listed on amazon's search were the sandisk ultra line. but here, confusion sets in because sandisk separates these cards to two different devices. cameras mobile devices. is there a real difference between the two or is this just a marketing stunt? unfortunately i'm not sure but i do know the price difference between the two range from a couple cents to a few dollars. since i wasn't sure, i opted for the one specifically targeted for mobile devices just in case there is some kind of compatibility issue . to find the exact model number, i would go to sandisk's webpage sandisk.com and compare their existing product lineup. from there, you get exact model numbers and you can then search amazon for these model numbers. that is how i got mine sdsdqua 064g .as for speed tests, i haven't run any specific testing, but copying 8 gb worth of data from my pc to the card literally took just a few minutes.one last note is that amazon attaches additional characters to the end for example sdsdqua 064g affp a vs sdsdqua 064g u46a . the difference between the two is that the affp a means amazon frustration free packaging . other than that, these are exactly the same. if you're wondering what i got and want to use it in your galaxy s4 , i got the sdsdqua 064g u46a and it works like charm."
2798,690,"i purchased the card in the sandisk packaging, so i am pretty sure it is genuine. i tested it with various programs on the web that apparently can detect whether they are fakes or not. this one turned out to be a real sandisk card. the card came formatted with fat32.i read on the web about these micro sds, and apparently they are not as fast as the full sd card version. i borrowed my brothers sandisk 32gb full sd card to make comparison tests. here are my official unofficial test results using diskbench v2.6.2.0 and h2testw 1.4 test. i will give the results as an overall result, because after testing these cards over and over with speed writes and reads, the results get mixed and varied to a big degree... much larger than i expected, but the numerous tests showed me a general trend. the trend is that the full sd cards do write faster than the microsd card. but, also remember that the microsd had to be put into an adapter to do the test on my pc while the fullsd card was put into the computer reader directly.these are just my averages, but small file writes both sd cards wrote at close to 10mb sec. the microsd was less consistent in the tests and sometimes dropped to 8mb sec.small file reads both sd cards read at close to 20 mb sec at their fastest.large file copies to card microsd wrote at 3.5mb sec while the fullsd wrote at about 4mb seclarge file reads copies from card microsd was 10mb sec while the fullsd read at about 14mb sec.my conclusion my tests were by no means official for this card and showed much variance dependent on file size of the reads and writes, but the fullsd card was faster in many cases, but equal to microsd in most cases. the small file writes and reads showed that they are similar enough. but, my only concern is with large file writes.... is 3.5 mb sec good enough for rapid photography on a high pixel camera? i don't know. i have had no problem using these cards with h264 movie capture for hours. i am surprised that 3.5 mb sec is enough.also, never during the huge file copies to the card did i get any noticeable heating of the card itself, by touch even for an hour. i've noticed that it has been a complaint from many people on the web, some stating that they felt they might burn themselves. i copied files that took more than an hour with no noticeable temperature change, other than, perhaps a couple of degrees. of course, this was on a pc and not installed in a camera.the card performs well for video work, and appears to meet many other tests performed by other people. i never saw a read close to 30 mb sec... they were very consistent at 20 mb sec at the highest performance.i would get the card again, if the price were right."
2880,639,"the nexus one is listed as supporting a maximum of 32gb on an sdcard.based on reports here and elsewhere, i took out my 32gb card and put in this 64gb card and powered up the phone.the phone reported that the card was defective in a notification.i pulled down the notifications and tapped the notification that issued that report. it offered to format the card.i would note that i have clockwork recovery and the rom manager app installed on my rooted cm7, android 2.3 n1.after tapping the notification, the phone formatted the card. all went well. since i had neglected to move my rootexplorer file manager off the sd card prior to putting in the new card, i was not able to check directly on the phonethat the entire 64gb was available. but, as it turned out, it was.while doing the above, i had been using winzip to make a copy of the contents of my 32gb card to my pc using a usb adapter . when that completed,i powered down the phone and put the new 64gb card in the pc using the micro sd adapter that came with that card and a usb adapter for that adapter.it showed about 60gb the usual for a 64gb card, i guess .interestingly, some files mainly folders related to clockworkmod had been placed on the sd card during formatting, which shows where the formatting codeprobably came from. take note if you do not have rom manager clockworkmod on your phone, your mileage may very well vary. if you have root, i would suggest obtainingrom manager from google play prior to doing the above. anyway, i just deleted those files so that they wouldn't conflict with any of the old files i was aboutto copy.i then unzipped the saved contents of my old card onto the new card.then, i put the new card in the n1 and powered it up. it worked perfectly, right away.root explorer showed about 60gb of capacity of which about 30 was used by me i really needed this card! .tried out spotify premium and it played fine from saved files that had been on the old card and were now transferred to the new card. other thanroot explorer, haven't tried any other apps yet, but am expecting good news based on the experience thus far!i tried a full backup using rom manager and it apparently worked without incident.so, based on the above, i would recommend this card for the nexus one! what a break to get another 30 gb on an aging phonethat is nonetheless still one of the best phones ever.caveat keep in mind that i just unwrapped this thing and have used it for all of two hours."
2933,1242,"i bought this card, originally for my galaxy note ii, with the intentions of using it as my primary downloader, but i could not get it to format correctly for the phone, even using third party format software.i then tried it in my galaxy tab2 7.0plus......same problems.i finally, and ridiculously, put the card in my nikon d5100 camera. i could take a whopping 8k photos, on high large settings not that i would ever need to take that many photos in one session . this was the last option i had, to use the card.it worked well, taking photos of a holiday, and thankfully, it did not fail before i could get my photos onto a computer. since then, i have inserted it back in the camera, and reformatted like you always should , and bam, one photo is good, after that, failure, every single time. so now i have a 64gb card, that is capable of taking and storing one photo at a time, before i must run a fix file system on my computer.don't waste your money on this card, over priced, not really faster than the other cards i have, and zero longevity. this may be a one off, but i think it is a problem created by the proprietary format exfat, that makes this card a loser, or more to the point, the poor customer who buys it.update july 2012after contacting sandisk, they have offered an rma, but first they must verify that i have not tried to recover or wipe the data on the card, and i must ship it, at my expense, to taiwan. i have since emailed them in reply to the requested information date of purchase, photos of the card, packaging ect , and i told them that the data on their is my data, and if i could have accessed the card, i would have wiped it, why should i give them my information, stored on the card? that makes me less than happy, i am guessing that they want to discourage returns. who would want to send data to a company, not knowing who will access it, and what they will do with the information contained? i would have wiped the card, but it was unreadable, unable to format, unable to do anything. i will send it to them, hoping that the information is destroyed, along with the bad card.sandisk, you are asking a whole lot of your customers, and since this card has gone bad, i have had several other cards from them, go bad as well, seems to be a whole lot of cards being shipped that die in very short time periods. i used to love their products, and their older flash drives are great, still using a micro cruzer that is 6 years old, and going strong. i have not had one single microsd card, from this company, last more than three months, since i moved to the philippines. either they send their junk to the philippines, or they have dropped qc from their business model, to create higher profit margins. update 2 after emailing sandisk, and expressing my displeasure with having to return the item, intact, so that they can assess the card, and look at recover what ever personal information may have been stored on the card, they rescinded. i can only assume that they want to get the card back, to verify that it is bad, or make sure that you are not just trying to get a free card out of them, which i can understand. instead of requiring me to send the card back to them, they asked that i cut the card, and send a photo of the destroyed card, so they could process a new card, to be sent to me, directly in the philippines. i hammered them pretty hard in this review, and in the email i sent to them, regarding the bad card, and sometimes, you get results, in this case, i give them 5 stars for doing the right thing. i had no problem cutting the card, since it would not operate in any of my devices anyway, but i did have a problem returning the device, intact, with out knowing what information was stored on the card banking, amazon account info, passwords, ect. i would have just kept the card, destroyed it, and never bought another from sandisk. with their faith restoring gesture, i will not remove them from my list of companies to avoid. i just hope that they get better at qc. i returned another defective card to the retailer yesterday, only to find out that you must have the original packaging for a replacement. i was lucky to still have one of my packages, but since i bought several of the cards, i am not sure if i gave them the matching package for the card i returned.i would suggest that if you are like me, and have several devices 2 dslr's, galaxy tab2, galaxy note 2, sii, lg p920 , that you find a way to mark each card package, and keep the package, in the case that the card should go bad. i have had more than half of my sandisk 32gb cards, fail on me, in less than 6 months. i only buy them, because of the cards available in my area, these are the best, which is scary, with such a high failure rate."
2992,889,"i got my wife a samsung galaxy tab 3 10.1 for christmas, and it took awhile for her to start figuring out all the things it can do. once she did, that led, of course, to her wanting to watch movies on it. that was my signal to spring into action, that is, if i wanted to prevent her from running wild, buying digital copies of every movie we already have in dvd or blu ray. you can't play dvd or blu ray movies on this device, but you can use your computer's dvd or blu ray drive and commonplace third party software to convert movies in this format into .mp4 and or several other types of video files that can be played on this tablet.since this particular tablet is capable of playing high definition video screen resolution is 1280 x 800 pixels , and we want to use all of that high def capability, my conversion files tend to be pretty large average 5 to 10gb per movie ... way too big to be stored on the tablet's limited internal memory. that's where the tablet's microsd slot ... and this sandisk flash memory ... comes in. i make huge mp4's, store them separately on a 1.5 terabyte drive, and then load as many of them as i can on this chip, which shows up in the tablet as a separate memory source. then all you have to do is pull up one of the movie files from the card, and hit play. you can use the device's standard video player, or get an app with more controls.watching high def video on a tablet that's streaming the data from a memory card rather than the tablet's internal memory requires a memory card with very high read speed, and this sandisk card's class 10 rating fills that bill. that's the difference between cheaper microsd that's primarily designed for simple data storage, and microsd that's designed for higher active transfer read speeds. the class 10 designation generally means that the subject card will transfer data at a minimum rate of 10mb per second. this sandisk ultra card is capable of transferring data at speeds of up to 30mb per second, depending on the speed of the device you're using it in, and other particulars of the way you're using the device. frustration free packaging means the chip, sd adapter, and plastic case comes in a little, sealed cardboard envelope with a pull tab opener. this card comes pre formatted for android, and my use of it in the galaxy tab 3 for watching high def .mp4 movies has thus far been flawless.finally, don't let yourself get burned by counterfeiters in trying to save a buck. while pricing on memory tends to fluctuate, amazon's current pricing on this card is very competitive with any all vendors out there selling genuine sandisk ultra memory. buy from amazon, or other trustworthy vendor, because i just learned the hard way that these memory cards are being counterfeited in huge numbers ... that is, the counterfeiters are placing sandisk labeling packaging on inferior, generic microsd, and selling the bogus chips on ebay and anywhere else they can. i bought three from amazon after i got burned by a chinese seller on ebay. the counterfeit packaging and labeling was good enough to fool me, until i actually tried one of the chips in the galaxy tab 3 ... the write speed that is, the amount of time it takes to transfer files onto the microsd card was dramatically worse than the speed of a genuine sandisk ultra card, and the read speed was totally inadequate for playing movies on the galaxy tab 3. i may never have figured it out at all if i didn't already have one other, genuine sandisk ultra with which to compare the fakes.if you want the best, most reliable memory for the microsd slot on your shiny, new android device, look no further ... this is it."
3344,728,"my review is a little backwards 8230 but i thought the most relevant should go first.warning only buy this card on sale!the typical price since summer 2013 is about 24 for 32 gb, and about 48 for 64 gb. do not pay any more than this, and you can actually pay less if you have the luxury of time patience.the lowest non lightning price hit about 18.00 for 32gb and 35 for 64gb, in early december. i basically buy when the price hits 20 or less, and the 64 nears 40.00.from december 2013 to january 2014, i watched these cards change price on an almost daily basis. they initially went on sale for about 17.95 and 34.95 for 32 and 64 respectively. i watched them slowly increase in price, with random dips and peaks for a month. on january 6th 2014, they still show as a 34 best deal on amazon 34 for 34 7 more days 34 but they are at the highest price point since last summer and higher than i have ever payed for these cards! so don't let the 34 best deals 34 section deceive you, at 27 50, these are not a 34 deal 34 in terms of price.okay, here's my actual 34 review 34 of these absolutely great sdxc cards. i have tried a variety of microsdxc cards, and so far the samsung ultra uhs1 are the best and the price can't be beat for all the most important reasons speed, capacity, reliability, durability.i have not had a single failure, and i use these cards in my nook hd , nexus 7 2013 via usb and my canon 5d mark ii with converter and macbook pro in the card slot . they're durable and waterproof, and i can use the same card in all these devices without reformatting. i even had one go through the wash, and i still use it for pictures.for the technically inclined, i have cards with both the clockwork mod bootloader for the nook hd and the magiclantern firmware for my canon eos 5d ii on the same card. i can pull it from the nook, shoot pictures with the camera, and look at the results on the nook by just pulling the card out of one device and placing it in the other. this should be possible with any sdxc sdhc card, but it turns out that the samsung uhs1 is the only card i've found that works reliably. some cards won't boot because they're too slow too finicky, but all my samsung uhs1s work great the 64gb will not boot in the nook, but no 64gb card will .i keep my eyes open for price drops on these cards because they've performed so well for me. samsung also has a newer, faster card, but its price point hovers somewhere north of 34 prohibitive 34 so i still stick with these. and that's good news regardless because as the new card increases its market share, these should drop even further in price."
3448,1074,"i have tested dozens of sdhc and micro sdhc cards. one disturbing trend i noticed is that the speed class rating for micro sdhc is typically inflated. for example, a 'class 10' rating means the card must deliver a sequential write speed of at least 10mb s. but somehow, a class 10 microsdhc cards is always slower than a class 10 sdhc card from the same manufacturer. case in point thepny 32 gb microsdhc card p sdu32g10 efs2 claims to be 'class 10', yet it can only write at 8.6mb s maximum, while the full sizepny p sdhc16g10achieved 13.4mb s according to crystaldiskmark v3.01.thissandisk ultra 32 gb microsdhc class 10 uhs 1 card sdsdqua 032g u46a , however, proves to be the exception. it achieved a sequential write speed of over 10mb s according to two different benchmark programs 11.8mb s in crystaldiskmark , 10.6mb s in h2testw v1.4 . this is faster than all my other microsdhc cards, including two 'class 10' cards frompnyandpolaroid.a closer look at the file transfer speed using flash memory toolkit revealed another nice surprise for writing small files, this sandisk ultra microsdhc card performed just as well as its full size counterpart, thesandisk ultra sdhc sdsdu 032g affp . in contrast, all my other class 10 microsdhc cards perform poorly while writing smaller files. see the benchmark results i uploaded to 'customer images' for details.when you use a memory card in a digital camera to record hd video, it needs to store a huge video file each session. that means its sequential write speed is most critical. when used in a tablet or a smart phone, however, the card's random write speed for small files is more important. that's why in such applications, the sandisk microsdhc will perform faster than the pny and polaroid cards, even though they are also rated as 'class 10'. bottom line as of this writing, the sandisk ultra microsdhc card ia actually priced lower than other class 10 cards from pny and polaroid. this makes the sandisk the best value especially if you need honest class 10 performance across all platforms. side notes do not confuse this sandisk ultra card withsandisk mobile ultra microsdhc sdsdqy 032g u46a . the latter is rated for class 6 only. the size of this '32gb' card is 29.7gb according to my computer. this is actually normal because computer people count one gig as 2 to the power 30 , which is 7.3 larger than one billion. so 29.7gb translates to 31.9 billion bytes, which is '32gb' according to marketing people. update on feb 4, 2013 1. amazon combined the sandisk ultra 32gb and 64gb cards on the same product page. please beware that your intended appliance must be compatible with 'sdxc' in order to used the 64gb version. my original review refers to the 32gb 'sdhc' version.2. there are two part numbers for the same card. if you start from the amazon product page and select 'retail packaging', you'll see the part number of sdsdqua 032g u46a. but if you click on 'frustration free package', the part number changes to sdsdqu 032g affp a. update on oct 5, 2013 the sandisk microsdhc card works great in my new samsung galaxy s3, without the need for reformat the default format is fat32 update on dec 26, 2013 my old test results were limited by the card reader and usb 2.0 port used. i re tested the sandisk uhs1 micro card using thetranscend rdf5 card readerconnected to an usb 3.0 port. here are the results from 'crystaldiskmark 3.01 x64' sequential read speed 40.0mb s was 34.8mb s when connected to usb 2.0 port sequential write speed 13.1mb s was 12.6mb s when connected to usb 2.0 port"
3756,742,"the primary reason for buying this extra capacitysandisk ultra 64 gb microsdxc class 10card was to use it insamsung galaxy tab 2 10.1 inch model gt p5113 and i am happy to share that you can get this to work flawlessly after some initial glitches. read below firstly you need to be aware that the samsung tablet model gt p5113 currently runs with android os 4.1.1 with kernel 3.0.31 523998 and build number jro03c.p5113ueclk7. jelly bean my experiences shared here are with that level of android os your experiences may vary depending on what version of os you are running. the sandisk ultra 64 gb microsdxc card purchased from amazon retail packaging gets recognized just fine however when the tablet's media device a.k.a 'mtp' application attempts to talk your pc via usb cable the tablet simply reboots! and after that the card is presented to the pc. really strange indeed!this baffled me for couple of hours. firstly, i attempted to format the card exfat in pc and it formatted just fine. after that i attempted to use it in the tablet to see the same behavioral oddity of instantaneous reboot of the tablet as 'mtp' application tries to communicate with the pc. this made me investigate the issue further and i determined the root cause was the fact that sandisk now seen to factory format the card with 'exfat' but also somehow seen to include an 'offset' of 16mb at the beginning of the card which shows up as 16mb unallocated region in the initial sectors on this card under windows disk management tool.the solution is to get rid of that 'unallocated' 16mb partition on the card. you could do it in pc but that might require some windows command line experience and using 'diskpart' utility and what not and i do not want to confuse people here with that process. for most novice users the process should be very simple, just insert the card on the tablet and use the 'native' sd card format tool under 'settings' that android os 4.1.1 has and it will get rid of that 16mb partition and happily remount it. now after this simple process the 'mtp' application works just fine with pc to transfer files to the sd card without any strange reboot phenomenon.not sure why sandisk formats their class 10 card in this fashion they never did it with their class 6 cards earlier and there's gotta be some technical explanation for why they include that 16mb partition that only sandisk can give. in the end if you reformat the card in the tablet which defaults to exfat the card is seen to work just fine.bottomline this is an awesome 64gb capacity microsd card from a reputed manufacturer for budget minded people and gets the job done beautifully. the read and write speeds are adequate enough for most audio,video picture file formats in a tablet. the glitch mentioned above forced me to give four stars instead of five stars but let that not stop you from making a decision to buy it.highly recommended!cheers!"
3966,926,"if you were looking for a class 10 microsd card in order to directly transfer files from your pc to your phone the fastest way possible you can go with a cheaper class 4 instead of this one. the speed is not much different than other class 4 microsd cards i've had. it's very far from the 30mb s they promise, i got only about 4.5mb s at much, and after a few minutes it's downhill from there. i tested on both windows and linux and didn't see a difference. luckily there's not a lot of difference in price between a high quality class 4 and this one but then again, maybe i didn't look at the class 4 the way i should have since i was focused on getting a class 10. oh well, you've been warned. don't expect magic from this card.update 12 11 2013 sandisk proactively answered this review to ask me to contact them. the reason i didn't contact them first it's because you usually receive slimy answers from this tech support and hardly any solution or help. it is indeed a waste of time. after sandisk comment i contacted them through one of their live chat agents and this is the interchange. my suspicious were confirmed and i indeed wasted my time daniel s. hello, thank you for contacting sandisk. my name is daniel s.. please give me a moment while i look into your question.fer da heyfer da i just got this answer from sandisk http www.amazon.com review r3ema7xpn7idzd ref cm cd notf message?ie utf8 fxfnzei17mh7nd 1 tx7vkc9upwni9x mx3fkeev0wiile3daniel s. please tell me what is written on the face of the memory card?fer da never thought of contacting you because i thought i was just going to waste my time, but it was nice to be contacted proactively by youfer da okfer da the same thing as the one on the picturefer da sandisk ultrafer da microsdhc ifer da 32gbdaniel s. please allow me a moment.fer da will you need more info from the card?daniel s. the sandisk ultra card is a uhs i card and provides optimum performances when used with a uhs i enabled device or card reader.fer da my phone is off.. lolfer da it says that it is a class 10 card, i bought it because of the promise of better speeds than the regular class 4 when using it with my phonedaniel s. i would like to inform you that you will get the minimum read speed of 10 mbps on a uhs i enable device as the card is built on the uhs i technology.fer da and write speeds?fer da i'm getting like 4mb sfer da a far cry from the 30 mb s2 promiseddaniel s. i would like to inform you that so i said the card is built on the uhs i technology it will give the optimum speed with an uhs i enable device.daniel s. you will get the minimum write speed of 10 mbps with an uhs i enable device.fer da okfer da waste of time confirmeddaniel s. i would like to inform you that if you'll use this card with an uhs i enable device it will give you the optimum speed as it's promise.daniel s. is there anything else i may assist you with? removed one star because of the sliminess of contacting me via amazon to show sandisk cares but not really offering any real support when contacted."
4175,638,"i bought this for only one use, to put in my samsung galaxy s3. i popped in the card, mounted and formatted in settings, and it works like a charm in the phone. however it's in caps pay attention! , when i took it out of the phone and put the microsd into the sd adapter and plugged into the sd card slot on the front of my pc win7 x64 it asked to format the card was already formatted by phone so was confused so i hit ok, no biggie, it was empty anyways. windows did its thing and when it was 34 ready to use 34 it said the card was only 1mb it showed 59.47gb in the phone . so my troubleshooting section of mind kicked in and i removed the card, and i just so happen to have a microsd slot in my computer's frontal bay and it wouldn't even show it was connected in windows explorer. so i took it out and put in another microsd card, voila it read, switched them out again, and nothing. so i decided to pull up my paragon hard disk utility, and it showed the same thing as windows, regardless how i tried formatting it. i gave up and put it back in the phone and mounted it.my s3 said it neded to be formatted. so i formatted it in the phone again and it showed just like it did the first time, 59.47gb. i then proceeded to install samsung kies and got my phone hooked up to my pc via usb cable, i opened the phone in windows explorer and right there it shows the phone memory at 16gb and the sd card at 59.47 gb....i'm not quite sure what's going on with that, because the sd slots in my pc read my other cards just fine. but anyway i guess if you plan on using it in your phone or possibly other device exclusively because i can use it like a charm while it's in my phone, otherwise it seems pretty useless. so i guess just depends on what you're using it for. on a side not, be careful when you open the plastic package that contains the micro sd and sd adapter, be sure to open it over a large clear area, i opened it up the the living room with black tile floor and had to get a flashlight to find it when it jumped out on the holder it just sets in the little plastic holder so even the slightest shake will send it flying when opening i'm giving it 3 5 on here, but 5 5 if you're getting it for a phone, galaxy s3 at least because it works fine in mine"
4211,2079,"note please read the last update scroll to the bottom i'm leaving this review as 1 star as it appears to help others who purchased and had a similar experience.i give sandisk 5 stars for customer service and 1 star for the product for those manufactured in the past for those newly manufactured products that contain the software rom fix, i'd give the product 5 stars.to all those who purchased this card due to all the great reviews.... and then used it in a galaxy s4 gs4 smartphone for storage, the solution to the problem is not one you can solve without returning the card to sandisk for a replacement under warranty. believe me i tried everything that the google searches returned as solutions... formatting as exfat, formatting in the gs4 then copying data to the card while in the phone etc.... nothing worked... and so now please stop pulling out your hair and hopefully you will get the same result which i hope to get soon just rma'd and will send it back tomorrow for a free replacement under warranty .the problem as confirmed from the sandisk customer support rep when i asked specifically asked him when used in the gs4, this card will unmount itself inadvertently may be true only for cards manufactured before the rom patch described below was implemented in manufacturing . this can cause the data to become corrupt luckily was not my experience and or can be very frustrating as most of us are saving 13 mp camera pictures to the card or mp4 movies that stop in the middle of the movie and it unmounts when you view the picture in the gallery or worse, right when you take the picture this was the issue i experienced . sandisk knows about this issue. again, sandisk knows about the issue and will replace your card. call them info below and they will take care of it under warranty. they have a good name for a reason and they want to keep it. sorry sandisk about the 1 star, but i thought it was the way to get the message out to those searching for a solution the customer rep told me that sandisk tried to work with samsung to resolve the issue but samsung refused to acknowledge a problem exists with this card and some of their phones especially their flagship gs4 phones . the customer rep told me that to their knowledge the card works fine in regular cameras not samsung gs4 phones with cameras, obviously and even worked fine in some phones from htc etc. that could accommodate the 64 gb cards. hence the 5 star ratings from others. the solution sandisk came up with was to write a patch into the rom of the card itself to specifically address the issue on samsung gs4 phones and maybe other samsung phones like the gs3 . i was assured that the new card i would get would work flawlessly. will see in about 3 weeks. i purchased my card from amazon june 2013, so the ones currently being manufactured and the one i should get will have the new patch. however, as sandisk manufactures in batches like most of the industry , old batches of unpatched cards obviously exist in warehouses. i asked about a software patch i could download and was told it's not possible... hence the hard coded patch in the card's romso... how to take care of the problem....after speaking with the sandisk us customer support link and info below , this is what i learned and did.go to the sandisk site1 ... 2 call consumer products support this is the us no. 1 866 sandisk 726 3475 3 tell them that the card is unmounting itself in your gs4 i assume this is also a problem experienced by gs3 owners too 4 they will then confirm your information, approve your return 10 15 min approval window by mine was basically instantaneously , and then send you emails with a ups return label and instructions.5 btw, they also asked if i had a magnifying glass to id the serial no. on the card, but i didn't and couldn't read it myself those numbers are super small printed into the plastic... don't believe me? take a look yourself. i told the rep i couldn't read them and he said no problem, they would process without the serial no. i assume this is because they send you a new replacement card only when they receive your card you send in. makes sense.well, that's it. problem hopefully solved. let's see in 2 3 weeks. the rep was super nice about it and seemed like they were all too familiar with the problem. kudos to sandisk for taking care of it... however, it would be nice if there was some type of communication notice of the issue besides google info sources, forums etc. i spent hours, maybe a couple of days total hours worth, thinking it was an issue with my phone my data transfer. oh well, that's how it goes.i really hope that this review helps some of you out there with the same problem as me. good luck!! btw, i'd give the card 5 stars if this problem was solved in the patched rom of newer cards as the data transfer speeds are awesome on the card tested transferring data via a card reader hooked to my computer ... if the data transfer remaining mounted in the gs4 issue never existed pre patch of rom, of course update 08 17 2013 all went well with the return of the sandisk storage card. ups shipping took about 2 days from when i sent it, sandisk verified the warranty claim 1 day later and 5 hours later that same day, my replacement card had been shipped. waiting on the new card now, but expect to test it out very soon early next week . will update the post after testing out the new card. just as a reference, i've been using a 32gb micro sd hc sandisk card in the gs4 since having shipped the 64gb card. obviously it's a different card and not the micro sd xc kind. other than a bit slower access speeds to the card, absolutely zero problems.... well if you don't count that it's basically filled up, hence why the 64gb option is great on the gs4. so it proves the point on the problem with the early build micro sd xc 64gb cards.i'm happy to see that my review has helped some others out there. good luck to you in your warranty claim. my experience with sandisk customer support has been excellent so far.update 08 21 2013 received the new replacement sandisk storage card just a few days ago shipping back to me once they agreed it was defective was a very short time window . have had it running in the galaxy s4 for a few days now without any jumps, stutters or card unloading in the middle of picture or video taking. card seems to work flawlessly as the sandisk rep mentioned it would. one would think it's such a short time to test after a few days of use, but if this were not fixed already it would have dismounted in the first 45 minutes... that's how often and how fast it was occurring. so it would seem the problem is solved. the new sd card makes the phone even more responsive when moving between pictures in the gallery and performing other tasks like copying files to the card. thanks sandisk! unless i update this review by next week, you will know that the problem has been fixed.good luck to those with similar problems as we now know how to get it fixed thanks to sandisks great responsive customer service.update 08 31 2013 this is the last update to this review just to close the loop . the new replacement card from sandisk has been running flawlessly for about 2 weeks now. i have not experienced any of the initial problems. sandisk really did fix the issues in the new batch of cards.update 12 09 2013 the card has been running in my gs4 flawlessly since replacing it around aug 21st. pretty good track record so far 3.5 months so it appears to be fixed with the newly manufactured replacement cards.for those that have left comments that i should change the rating upwards now that the issue is fixed see my addition at the beginning of this review ... when searching for a solution to a problem with a purchased product, most people start at the 1 star reviews to see what others have experienced. this is especially true for products with a lot of reviews this is what i did in the beginning with this product . therefore i think leaving it at 1 star and adding the comments at the beginning should clarify the review.thanks to review commenter da shocker for his input. i think he sums it up very well when it comes to the value of files stored on media like this one more thing.. to those not happy with the one star rating by this person go ahead buy one. take tons of pics vids and save some music on there then when the card crashes come back and give it a five star. a card cost 50 100 pictures from a vacation or family event are priceless.."
4347,518,"once you cut and pry your way through sandisk's packaging, you will be rewarded with a nicely made and high performing microsd uhs1 flash memory. it comes formatted to sd.org's standards in fat32, so it's ready to go for most applications. my single gripe about this product is that they have omitted the usual small plastic box that holds the card and adapter. i use those! since i frequently switch cards between uses, and frequently have them in storage, those little boxes are very useful. it's way too easy to lose a microsd.anyway, here are the results from atto disk benchmark settings anticipating digicam use total length 64mb overlapped i o and qd 4 but it never exceeds 1 segment size in kbytes, read write in kbyte secsize write read.5 9904 163431 14555 170332 13454 273244 14194 353378 15065 3985316 14154 4062932 14277 4295764 13212 44291128 17567 44247256 16209 44442512 15391 444421024 17408 444422048 16229 44442 sorry for the ugly table, amazon does not support consecutive spaces, including alt 255, or embedded tabs this is very fast for a microsd. it's not quite up to what sandisk achieves in full size uhs1 sd cards that can write over twice this speed, but those are electronically more complex cards. the micro form factor likely doesn't permit the additional hardware to achieve speeds comparable to the larger cards. note that the read speed is a lot faster than what sandisk promises. note also that you will not achieve these speeds with a usb2 reader. you will need either a usb3 or built in pcie reader to get accurate results. so do not complain to me if you use a usb2 reader and don't achieve these speeds. in any event, you'd be hard pressed to find anything faster.my personal experience with sandisk products is very good. that is, i've never had anything fail on me. given the very reasonable prices of these, i rate them as highly recommended."
4422,751,"maybe there is nothing that can be done and it is just the way the technology is at this time, but to me it seems that the 64gb sd cards have very limited uses at this time because they are formatted in whats called exfat32 instead of the standard fat32 to get 64gb from a 32gb card. after receiving my card and inserting it into my new android tablet with, jelly bean, it was recognized and it did show i had 59gb available. i then removed the card from the tablet and inserted it into my computers, a win7 and a vista, and tried to transfer files, photos and videos from my laptop to the card they would not transfer! after some research on the internet it appeared that the card had to be reformatted from the new exfat32 to the standard fat32. all my files were created in win xp and win vista fat32. i also have a win7 machine i recently purchased and can easily move all types of files between all the machines and memory cards and flash drives but could not transfer any files to this card from any computer as long as the card was formatted in exfat32. i had read on the internet about reformatting the cards and it working. my win7 machine does not even have the option to format to standard fat32, it only has nstf and exfat32. my older computers have the older fat32 format option and it took my vista computer with a dual core processor 1 hours to reformat the card to fat32. after reformatting i was able to easily transfer my files, photos, and videos on my xp and vista computers but not the win7 computer. the card works in my tablet and i am able to access and use all the files i transferred to the card in fat32 with my vista computer on the tablet. but after reformatting it now the card only has 27gb of space available, so it was essentially reformatted the 64gb card into a 32gb card. i will keep the card because i have a lot of work into it reformatting and transferring files and hopefully in the future i can reformat it again back to exfat32 if and when exfat32 catches on and an os is made that can seamlessly use files created in both fat32 and exfat32. this seems to be a good card that works well in certain situations but my advice do your research on what you have and how you will use the card because this is not simply a big gb card that can be used for everything in every device, unless all your files, photos, and videos are in, or will be created with, exfat32 there are some real draw backs to this card and you might be better off just buying multiple lower gb cards if you really need this much storage space in a micro sd card. or perhaps cards you already own can be reformatted into exfat32 and double the capacity if your computer has the exfat32 reformat option. i have not tried it but based on my experience the last few days it seems like it would work if exfat32 works for you. i gave 3 stars because it does work, but i feel sandisk not fully explaining how they are getting 64gb out of this card and the possible problems a consumer might have with it is misleading advertising."
4586,1262,"monday, november 26, 2012i put this in the galaxy s3 without formatting, restarted the phone and it showed 59.4g gb of space. i transferred all the files from the old 16 gb card and then moved all my music to the card with the phone connected to my computer by the usb cord. still lots of space left and the various music players seem to see all the music.tuesday, november 27, 2012the card didn't show up on the phone this afternoon. no message, just no songs to play and no card according to everything i could check on the phone. i restarted the phone and got a notification that the sd card was corrupt, needed formatting and that i would loose all data on the card. i restarted the phone again, without formatting, and the card came up like it had never been missing. i am writing this on thursday, 11 29 and i have not had another issue with the card.december 6well, i don't know what to think. the card disappeared again and i reformatted it fat32 in an attempt to fix the problem. the whole point of getting this large card was to have my music on my phone and not have to stream it from the cloud. i tried several music players and went with poweramp because of the good reviews and that i could specify the folder to play from. so poweramp is looking for the folder mnt extsdcard music and playing the songs in all the subfolders. it is poweramp that tells me that folder is not available.the card has gone missing one other time and restarting the phone fixed the problem.today, poweramp would not play and when i got home i found the music folder was gone. i also had ringtones folder and it was also gone. now, i may not be the sharpest saw in the shed, but i know i did not delete those folders. the card had other folders but not those two so it had not been reformatted.i am starting to think the problem is with the galaxy s3. i had a 16 gb fat32 card in this phone that had been in my previous htc phone. that card was not large enough to held my music so i don't know if it was disappearing or not. i wish this combination of phone and 64gb card was more reliable but just don't know where the problem lies.i lowered the stars from 4 to 3 but i really don't know if the problem is with the card, the phone or both. all i know is that they do not seem to be playing well together.december 7there was a notification on the phone this morning that the sd card was corrupted and needed to be formatted. i restarted the phone several times and got the notification each time. i reformatted the sd card using the phone, a step i don't think i have tried yet.december 8another minor problem i have is that the message counter gets stuck on 1 when i have no new messages. the only fix i have found is to restart the phone. that happened this morning and i got the corrupted card message again, but restarted again and the card came up ok.december 11so, the files on the card keep disappearing. the card is mounted and the phone shows the correct free memory but poweramp, and file directory programs do not see any files on the card. i restart the phone and the files come back. very strange. i played music on and off all day today without a problem and then this evening all the files disappeared again. restarted the phone and all is well again.december 15my phone upgraded to 4.1.1 yesterday and the same issues remain. it is a crap shoot as to if music will play. i take a lot of photos and use the service zenfolio to store and display them. i have an app that syncs with zenfolio and keeps a phone size version of the photos on my phone. i set this app to store the photos on the samsung sd card and have similar issues with it when the data on the phone goes away. this morning the sd card came up as corrupt again after a restart to get the data back. it took a total of 3 restarts to get the music and photos back.december 18i have been trying to play music stored on this card today and my phone has reset several times. very frustrating. i ordered a sandisk 32 gb mobile microsdhc flash memory card sdsdq 032g affp today for about 25.00 and i'll see if i have the same issues. very disappointing.december 28i purchased and installed thesandisk 32 gb mobile microsdhc flash memory card sdsdq 032g affpand copied all the files from the 64gb card to the new 32gb card. no formatting, no fuss, no muss. i have not had a phone reset since, have played music through bluetooth for hours in the car, have viewed photos. everything just works. half the memory but what i have is always available and the phone works, a good trade off. i am still disappointed that the 64gb did not work with the sg3. i have purchased aelago mobile nano ii usb 2.0 microsdhc flash memory card reader black to use the 64gb microsdhc card as a thumb drive."
4595,1151,"hi i ordered two card and they arrived the next day, even faster than prime. unfortunatey, this 64gb microsd card is designed to only work with ex fat. if you're an ex fat fan and don't ever plan to change, this is the card for you. i've been able to take all of the previous 64gb microsd cards i've ordered, put them in an adapter and format them in my windows 7 desktop. i'm a ntsf fan and find it to be much more stable in tablets.with other cards that aren't intentionally crippled, i can format the card to ntsf on monday, ex fat on tuesday, fat32 on wednesday. it's ex fat or the highway for sandisk.you can use easeus partition master to format the card to fat32 for devices such as cameras and mp3 players and many, many, many others that don't support ex fat. that being said, you only get one shot. once it's formatted into fat32, attempting to format back to exfat or ntsf hoses the card. i couldn't reformat to ntsf no matter what i tried. once again, don't bother trying to format in your computer, ex fat is the only choice.any card that needs a special utility to format to anything other than ex fat shouldn't be supported. don't buy it! it's designed to fail.shame on you sandisk!update 9 24 12 i spoke with sandisk technical support and they confirmed that sandisk ultra 64gb microsd cards are not compatible with android 4.0 and above. this would be for class 10, sandisk ultra 64 gb microsdxc class 10 uhs 1 memory card 30mb s with adapter sdsdqua 064g u46a as well as sandisk 64gb mobile ultra microsdxc class 10 uhs 1 30mb s memory card with sd adapter new version retail packaging with komputerbay sdxc usb reader.i did not have any success formatting the class 10 card with easeus partition master. sandisk recommended the free utility, hpusbdisk.exe and i successfully downloaded it from softpedia. i was unable to format the card with ntsf but successfully converted one of the cards to fat32 for a friend who wants to use it in a sandisk mp3 player, that of course is not compatible with ex fat.acting on sandisk advice i am returning the unopened class ten cards with the komputerbay reader. i spoke with a patient and gracious tier one tech support person and the party line seems be that consumers only use microsd cards in phones. i don't know what they're thinking cameras, mp3 players, tablets, adapters and so on. anyway it's a known issue.i can confirm that the class 6 64gb microsd card can be formatted in windows7 back and forth to most any format so after returning four class 10 cards, i'm back to class six.it's still unconscionable to deliberately design these cards to be incompatible. i hope sandisk will come up with a solution or recall the cards. buyer beware.update 9 29 12 i received my two replacement class 6, 64gb microsd cards and it took less than five minutes to open the horrible packaging and to perform a quick format to ntsf. done!i gave my friend the class 10 64gb microsd card formatted into fat32 by hpusbdisk.exe and he couldn't read it on his computer. as it turns out, the class 10 cards are not only incompatible with most devices bur also with most usb card readers. another trip across town.i can confirm that the iogear sd microsd mmc card reader writer gfr204sd green gray selling on amazon for 6.99 works. so after countless hours of wasted effort, my friend has a card formatted to fat32 that works with a sandisk mp3 player.once again, sandisk has admitted that these cards are not compatible with androd 4.0 or above, that being 100 of android tablets and a majority of android phones. these cards are intentionally crippled by design.to quote a friend per the sdhc standard, the format is fat32. sdxc 64 gb and larger the spec calls for exfat. microsoft has limited the os to only format larger cards as exfat and will not allow fat32. also, seems they have found a way to also block ntfs. thus far, very few android devices can read exfat because they refuse to pay m for licensing of the exfat file system. to all masochists out there buy this card. to everyone else unsafe at any speed."
4602,568,"i ordered two 32gb and two 64gb versions of these memory cards but i can write only one review per amazon . two 32gb cards went into a camera and a cell phone which only accept up to 32gb cards and one 64gb card went into my samsung galaxy s3 cell phone. the second 64gb card's a spare.the galaxy s3 phone accepted the 64gb microsd card with no problems except for the fact that my galaxy s3 only recognizes 59.7gb of the 64gb microsd card. i have no idea why it does that and why i lost over 5gb of an empty microsd card but i'm okay with that i guess. 60gb's is still plenty. the transfers of music, videos, and pictures between the phone's internal 16gb memory and the 64gb microsd card is wayyy faster than the old sandisk 16gb microsd card that was in there. the same noticeably faster speeds between my desktop computer and the 64gb microsd card were also smile inspiring.as for the sandisk microsd cards they work great and seem to operate pretty darn fast. they're definitely faster than the old 16gb sandisk microsd cards i had installed in my camera and cell phone s .now as for the shipping dismal! i ordered two 32gb along with two 64gb microsd cards on august 21 during an amazon gold box sale. according to the tracking feature they didn't even transmit the shipping info to the carrier usps until august 31. all four were shipped together. i didn't receive them until september 6 a full 16 days after i ordered. a little over two weeks for four tiny items that were indicated on the amazon page as being in stock. ships from and sold by amazon.com at the time of purchase. they also shipped all four tiny microsd card packages in a way over sized box which the usps couldn't fit into the mailbox so i had to make a cross town trip to the us post office and stand in a very long and slow moving line to pick up the box. they could have all four easily fit in one small envelope. even a small padded envelope. i left packaging feedback on that already.this is the 3rd straight time that amazon shipping was horrible over the last several months and that is why the 2 star rating. this is not the amazon shipping that i remember."
4658,529,"high speed class 10 memory works great in my new microsoft surface rt saved my over 80 for an addition 32gb from ms . all of my work for the past decade fits into 32gbs. at 19, it costs less than any other class 10 card in other words, it's the fastest at this price . it's plenty fast for me. but, as reviewer nlee points out, it is very easy to confuse this with much slower class 6 cards so be careful as you compare . this card worked as soon as i plugged it in with no problems. highly recommended. now, some test the transend microsd as faster see first commend for one url , but performance is more likely limited by your reader. sandisk is the most popular for good reasons 1 selling microsdhc card at amazon . now, this also means it is the most popular to counterfeit the likely source of most poor experiences recent sources estimate that millions have been purchased just on ebay and others have confirmed getting fakes through amazon vendors . this comes with a sdhc adapter.some more expensive cards you may want to consider reliability and compatibility issues with others transcend information ts32gusdc10 32gb micro sdhc10 flash memory no box or adapter without adapter samsung 32gb high speed microsdhc memory card with sd adapter with adapter other items i also got for my ms surface rt belkin usb 2.0 4 port ultra mini hubfosmon hdmi to micro hdmi cable 6 feet hde wireless usb presentation remote clicker penvg hydei edition black nylon protective carrying bag with removable shoulder strap for microsoft surface windows rt 10.6 inch cleartype hd display tablet 32gb 64gb plugable usb 2.0 to 10 100 fast ethernet lan wired network adapter for macbook air, chromebook, windows, wii, wii u, linux, and specific android tablets asix ax88772 chipset gogroove dynamix noise isolating earbuds w microphone for google nexus 7 samsung galaxy note 10.1 asus transformer coby kyros kindle fire microsoft surface ipad more incl. cleaning kit"
