file_id,cluster_id_x,uswir_t5,srnr_t5,buysumm_fixed_t5,buysumm_ref_t5,uswir_centroid,srnr_centroid,buysumm_fixed_centroid,buysumm_ref_centroid,uswir_keybert,srnr_keybert,buysumm_fixed_keybert,buysumm_ref_keybert,cluster_id_y,ivd_t5,pairs_t5,sentences_t5,ivd_centroid,pairs_centroid,sentences_centroid,ivd_keybert,pairs_keybert,sentences_keybert,cluster_id,tfidf_sim_t5,js_div_t5,tfidf_sim_centroid,js_div_centroid,tfidf_sim_keybert,js_div_keybert
cluster_bge_hdbscan_30,13.0,0.498895358,0.292226985,0.0413793103,0.513095238,0.569074692,0.29121745,0.144827586,0.663095238,0.434161862,0,0.025,,13.0,1.477011494,3.655172414,2.586206897,1.310670747,10.37931034,8.931034483,1.035714286,1.035714286,1,13.0,0.100497399,0.732026745,0.207643442,0.663033319,0.119789613,0.807667386
cluster_bge_hdbscan_40,10.0,0.493917942,0.291315777,0.0434782609,0.512121212,0.563208899,0.27234036,0.130434783,0.671212121,0.411445396,0,0.0272727273,,10.0,1.702898551,4.304347826,2.565217391,1.155025892,9.913043478,8.782608696,0.954545455,0.954545455,1,10.0,0.0958385494,0.735331101,0.182190857,0.670419577,0.111113784,0.813508046
cluster_bge_hdbscan_50,9.0,0.476255886,0.277251889,0.0428571429,0.488333333,0.552313353,0.27813062,0.128571429,0.668333333,0.402102848,0,0.025,,9.0,1.675,4.19047619,2.523809524,1.208282326,10.42857143,9.380952381,1.3,1.3,1,9.0,0.101731473,0.734375585,0.18670318,0.668473285,0.113191806,0.812923102
cluster_bge_kmeans_10,4.5,0.43676962,0.267249802,0.04,0.373333333,0.536170489,0.27577284,0.11,0.573333333,0.404119922,0,0.04,,4.5,3.433333333,4.7,1.9,1.339294872,11.9,9.9,0.5,0.5,1,4.5,0.114375403,0.710997713,0.135776174,0.695820416,0.111980716,0.81197877
cluster_bge_kmeans_15,7.0,0.456527823,0.302636116,0.0533333333,0.44,0.538058893,0.27967173,0.113333333,0.566666667,0.408006089,0,0.0333333333,,7.0,2.188888889,5.333333333,2.533333333,1.44047027,11.8,8.666666667,1.066666667,1.066666667,1,7.0,0.0683190983,0.729256512,0.133604893,0.692849568,0.0689183127,0.817951928
cluster_bge_kmeans_20,9.5,0.481487982,0.275486037,0.045,0.381666667,0.543061188,0.27560437,0.12,0.531666667,0.41232601,0,0.04,,9.5,1.399122807,3.4,2.35,1.298833674,11.4,9.5,1.3,1.3,1,9.5,0.106405491,0.73053516,0.186652375,0.68416845,0.11634552,0.807697355
cluster_e5_hdbscan_30,16.5,0.5124879,0.29443947,0.0555555556,0.457460317,0.600691305,0.301849,0.119444444,0.631428571,0.464131995,0,0.0457142857,,16.5,1.490196078,3.444444444,2.361111111,1.432812347,10.97222222,8.527777778,0.8,0.8,1,16.5,0.111654846,0.731976025,0.212093961,0.67151654,0.137891867,0.801699172
cluster_e5_hdbscan_40,11.5,0.498879116,0.284393219,0.0538461538,0.452,0.590913997,0.29801008,0.130769231,0.628,0.451880171,0,0.048,,11.5,1.546666667,3.692307692,2.576923077,1.505296228,11.61538462,8.961538462,0.8,0.8,1,11.5,0.104986543,0.732287722,0.20997287,0.67501166,0.156400933,0.797643536
cluster_e5_hdbscan_50,9.0,0.482000405,0.296317838,0.0476190476,0.415,0.583183289,0.29827133,0.119047619,0.615,0.443746749,0,0.045,,9.0,1.641666667,3.666666667,2.428571429,1.39430203,10.33333333,8.80952381,1.1,1.1,1,9.0,0.0876172946,0.73319954,0.20053252,0.676089097,0.149986553,0.797862973
cluster_e5_kmeans_10,4.5,0.457943171,0.269676065,0.09,0.46,0.547645277,0.2776437,0.14,0.62,0.367829631,0,0.05,,4.5,2.12962963,4.5,2.3,1.400507809,12.4,9.9,0.0,0.0,1,4.5,0.0620824613,0.737231675,0.1652638,0.67344092,0.0848156545,0.80888295
cluster_e5_kmeans_15,7.0,0.466592567,0.317817883,0.0533333333,0.373333333,0.549609409,0.2954571,0.126666667,0.6,0.411761128,0,0.02,,7.0,1.55952381,4.066666667,2.8,1.125546315,11.0,9.866666667,1.066666667,1.066666667,1,7.0,0.0820710046,0.732069705,0.157527542,0.684597414,0.0782207012,0.811029326
cluster_e5_kmeans_20,9.5,0.454864394,0.29221026,0.045,0.305,0.55008515,0.27530593,0.11,0.57,0.401640496,0,0.02,,9.5,1.710526316,4.15,2.45,1.133230914,10.5,9.6,1.0,1.0,1,9.5,0.0980942669,0.725315215,0.152873224,0.683957975,0.105795148,0.807931691
cluster_minilm_hdbscan_30,14.5,0.498606823,0.353306834,0.028125,0.503225806,0.577577119,0.2866428,0.103125,0.606451613,0.43697527,0,0.035483871,,14.5,1.237096774,3.4375,2.75,1.243325433,11.0,9.3125,1.258064516,1.258064516,1,14.5,0.132020906,0.715174059,0.159407617,0.686971382,0.138601559,0.802547387
cluster_minilm_hdbscan_40,12.0,0.483969514,0.338611799,0.0185185185,0.461538462,0.568353662,0.284976,0.103703704,0.584615385,0.432494117,0,0.0346153846,,12.0,1.201923077,3.296296296,2.703703704,1.216986522,11.40740741,9.666666667,1.423076923,1.423076923,1,12.0,0.116760351,0.717739025,0.149152845,0.690085693,0.116121152,0.803997512
cluster_minilm_hdbscan_50,9.5,0.474604842,0.327208892,0.0181818182,0.480952381,0.571415075,0.28537008,0.104545455,0.6,0.436923423,0,0.0333333333,,9.5,1.194444444,3.272727273,2.636363636,1.217049377,12.0,10.22727273,1.619047619,1.619047619,1,9.5,0.125060362,0.716024402,0.150796602,0.687730674,0.125169332,0.802170504
cluster_minilm_kmeans_10,4.5,0.485099322,0.221748868,0.05,0.263333333,0.535130665,0.26947704,0.11,0.507777778,0.403465804,0,0.02,,4.5,1.033333333,2.9,2.8,1.284613997,12.0,10.7,0.8,0.8,1,4.5,0.0749344679,0.736626489,0.148153864,0.698943582,0.0591408893,0.822057533
cluster_minilm_kmeans_15,7.0,0.423135058,0.268119635,0.06,0.321481481,0.541001302,0.28846413,0.12,0.504444444,0.373174587,0,0.0266666667,,7.0,1.452380952,3.666666667,2.266666667,1.46660582,12.46666667,9.2,0.866666667,0.866666667,1,7.0,0.0828020751,0.734310887,0.140500701,0.687682564,0.102729799,0.814989786
cluster_minilm_kmeans_20,9.5,0.436047676,0.302773203,0.05,0.365,0.535137725,0.30127633,0.135,0.61,0.405958102,0,0.035,,9.5,1.600877193,4.6,2.95,1.522117063,12.6,8.9,1.8,1.8,1,9.5,0.0950921718,0.729310816,0.133391307,0.692859724,0.116892866,0.809032022
cluster_minilm_hdbscan_100,1.5,0.461708178,0.23879012,0.0166666667,0.44,0.532062083,0.303766042,0.0833333333,0.42,0.416978937,0,0.04,,1.5,0.888888889,3.0,3.333333333,1.535813492,11.83333333,7.833333333,1.6,1.6,1,1.5,0.0537171419,0.754742335,0.118301819,0.712444815,0.0861053675,0.818829595
cluster_minilm_hdbscan_2,269.5,0.617842218,0.271835401,0.0409594096,0.541759088,0.735571931,0.281233321,0.100922509,0.900765044,0.547162136,0,0.0229205176,,269.5,1.345686999,2.911439114,2.245387454,1.347632725,10.33763838,8.32103321,1.170055453,1.170055453,1,269.5,0.249424237,0.653650732,0.46693543,0.527898889,0.214907781,0.788465578
cluster_minilm_hdbscan_35,8.5,0.496952015,0.300141996,0.04,0.473684211,0.566735309,0.290647765,0.09,0.586549708,0.443707034,0,0.0263157895,,8.5,2.214912281,5.15,2.45,1.281061821,11.5,9.45,1.684210526,1.684210526,1,8.5,0.104173442,0.737051335,0.15488432,0.69037093,0.116129688,0.807888293
cluster_minilm_hdbscan_45,6.0,0.519093917,0.361128755,0.0466666667,0.46031746,0.570073165,0.291318155,0.0733333333,0.514285714,0.441653447,0,0.0357142857,,6.0,1.422222222,3.666666667,2.733333333,1.365478836,11.8,9.2,0.642857143,0.642857143,1,6.0,0.106698156,0.742334003,0.140641448,0.703692429,0.122895361,0.803151194
cluster_minilm_hdbscan_55,3.0,0.498327821,0.284374591,0.0333333333,0.390277778,0.543685754,0.307012416,0.1,0.393055556,0.411737099,0,0.075,,3.0,1.416666667,3.444444444,2.444444444,1.348919753,11.11111111,8.444444444,0.5,0.5,1,3.0,0.0878326874,0.735331811,0.132111839,0.693556365,0.0856969226,0.815824253
cluster_minilm_hdbscan_60,3.0,0.465715142,0.22041674,0.0555555556,0.3625,0.545937671,0.312197147,0.122222222,0.4375,0.407911338,0,0.075,,3.0,1.481481481,3.666666667,3.222222222,1.362345679,10.66666667,8.0,0.5,0.5,1,3.0,0.0797007584,0.738576469,0.138688763,0.689900026,0.120654033,0.81026252
cluster_mpnet_hdbscan_100,0.0,0.434024046,0.3381115,0.1,0.4,0.443963726,0.255647307,0.0666666667,0.45,0.286812209,0,0.05,,0.0,2.944444444,7.666666667,2.666666667,1.160714286,6.666666667,6.333333333,2.0,2.0,1,0.0,0.0473729974,0.748721698,0.074901544,0.717733658,0.0706712045,0.805229801
cluster_mpnet_hdbscan_2,268.5,0.590818602,0.269216599,0.037037037,0.529326796,0.716235518,0.275920373,0.108333333,0.883369408,0.530638938,0,0.027458256,,268.5,1.354074074,2.955555556,2.305555556,1.291998703,10.18148148,8.531481481,1.100185529,1.100185529,1,268.5,0.225836915,0.665354356,0.467041369,0.528369923,0.209270816,0.789041121
cluster_mpnet_hdbscan_30,6.5,0.452691827,0.205920049,0.05625,0.386666667,0.567814585,0.279160825,0.14375,0.66,0.417500715,0,0.0333333333,,6.5,2.622222222,4.625,2.1875,1.231944444,11.125,9.6875,1.666666667,1.666666667,1,6.5,0.0581450458,0.744909799,0.171832851,0.679669818,0.0990931141,0.805306183
cluster_mpnet_hdbscan_35,6.5,0.475350562,0.219152854,0.0375,0.373333333,0.576064877,0.273786526,0.125,0.606666667,0.431959874,0,0.0333333333,,6.5,1.555555556,3.25,2.125,1.190244391,10.0,9.125,1.4,1.4,1,6.5,0.0902587375,0.741464541,0.176415329,0.676401632,0.113946835,0.808051607
cluster_mpnet_hdbscan_40,5.0,0.433019572,0.296383395,0.0230769231,0.316666667,0.555540646,0.283918626,0.130769231,0.55,0.421843544,0,0.0333333333,,5.0,1.541666667,3.153846154,2.076923077,1.429481309,10.84615385,8.461538462,1.416666667,1.416666667,1,5.0,0.0893677902,0.74104139,0.156673001,0.683339138,0.109913315,0.804376946
cluster_mpnet_hdbscan_45,2.5,0.452236272,0.284877029,0.0125,0.328571429,0.519845944,0.28535871,0.125,0.528571429,0.392573044,0,0.0285714286,,2.5,1.260416667,3.375,2.625,1.563538024,13.75,9.25,1.714285714,1.714285714,1,2.5,0.0828144652,0.732194662,0.130178079,0.704050341,0.103623351,0.812946541
cluster_mpnet_hdbscan_50,3.0,0.422781321,0.340844649,0.0666666667,0.4875,0.529589401,0.28381377,0.133333333,0.5875,0.425927093,0,0.025,,3.0,2.0,4.333333333,2.333333333,1.429494117,12.77777778,9.222222222,0.5,0.5,1,3.0,0.0896064263,0.728256322,0.14138859,0.688251028,0.11985636,0.806343276
cluster_mpnet_hdbscan_55,2.0,0.39729989,0.325716025,0.0142857143,0.2,0.510309649,0.281560523,0.1,0.583333333,0.366363327,0,0.0333333333,,2.0,1.666666667,4.714285714,3.0,1.492488662,13.14285714,9.142857143,1.0,1.0,1,2.0,0.0548990403,0.731683819,0.12327091,0.694212639,0.104148868,0.818000336
cluster_mpnet_hdbscan_60,2.0,0.457153929,0.410107432,0.0428571429,0.416666667,0.511818303,0.281020641,0.1,0.55,0.376862248,0,0.0166666667,,2.0,3.142857143,6.0,2.285714286,1.536139456,13.28571429,9.0,1.0,1.0,1,2.0,0.0805028515,0.7339049,0.12766397,0.690738395,0.0941407419,0.821886166
cluster_mpnet_kmeans_10,4.5,0.473070291,0.292209038,0.08,0.39,0.52966347,0.274932538,0.12,0.53,0.374891768,0,0.04,,4.5,2.383333333,5.9,2.7,1.230091575,9.4,8.1,0.1,0.1,1,4.5,0.0965571787,0.732783424,0.114314353,0.690628383,0.0987172855,0.811739922
cluster_mpnet_kmeans_15,7.0,0.48173572,0.326607214,0.04,0.446666667,0.534053073,0.260309894,0.126666667,0.486666667,0.394252979,0,0.0333333333,,7.0,1.212222222,3.733333333,3.0,1.383417138,11.8,8.866666667,0.866666667,0.866666667,1,7.0,0.0892875366,0.735190689,0.117475654,0.695400292,0.126043432,0.810047213
cluster_mpnet_kmeans_20,9.5,0.471687177,0.293129692,0.07,0.392222222,0.535569745,0.269202565,0.115,0.511111111,0.395162608,0,0.035,,9.5,2.1875,5.7,2.55,1.233960892,10.45,8.95,0.75,0.75,1,9.5,0.0977933429,0.709985619,0.119074992,0.692841763,0.0834596154,0.815824818
cluster_paraphrase_hdbscan_100,0.5,0.455608346,0.284074504,0.075,0.4,0.451692626,0.24380707,0.1,0.4,0.353409876,0,0.0666666667,,0.5,1.520833333,5.0,4.25,0.813354701,8.25,9.75,0.0,0.0,1,0.5,0.0744234077,0.698062395,0.118894459,0.690974698,0.042190939,0.832554611
cluster_paraphrase_hdbscan_2,270.0,0.640999674,0.271140314,0.0364640884,0.542922304,0.752076276,0.282808671,0.10441989,0.903782288,0.548594956,0,0.0274907749,,270.0,1.322928177,2.871086556,2.259668508,1.25799744,10.08103131,8.662983425,1.127306273,1.127306273,1,270.0,0.227805798,0.661795825,0.489508287,0.514877327,0.213291723,0.7895626
cluster_paraphrase_hdbscan_30,0.0,0.413070341,0.253592362,0.0666666667,0.25,0.489009053,0.341620545,0.166666667,0.4,0.389177576,0,0.0,,0.0,1.477777778,4.0,3.333333333,2.347222222,13.0,7.0,0.0,0.0,1,0.0,0.0436144739,0.777442026,0.101263032,0.732626352,0.0624446082,0.832554611
cluster_paraphrase_hdbscan_35,0.0,0.448131551,0.205711732,0.0,0.3,0.480127225,0.328031679,0.166666667,0.4,0.368104503,0,0.0,,0.0,1.166666667,3.333333333,2.666666667,2.388888889,12.66666667,6.666666667,0.0,0.0,1,0.0,0.0365831118,0.763514788,0.100300576,0.736142433,0.0624446082,0.832554611
cluster_paraphrase_hdbscan_40,5.0,0.474345052,0.30776184,0.0384615385,0.383333333,0.578949318,0.263763327,0.0769230769,0.583333333,0.431509497,0,0.025,,5.0,1.0625,2.461538462,2.230769231,1.113100788,10.61538462,10.15384615,1.0,1.0,1,5.0,0.0672106488,0.741633179,0.112905532,0.707467371,0.128513276,0.806899645
cluster_paraphrase_hdbscan_45,2.5,0.530052673,0.253000477,0.0125,0.371428571,0.551496513,0.236223487,0.1125,0.542857143,0.40353537,0,0.0428571429,,2.5,1.5,4.875,3.375,0.931403319,7.5,8.0,0.714285714,0.714285714,1,2.5,0.0757155818,0.729390581,0.120801744,0.692335948,0.0946476489,0.813741801
cluster_paraphrase_hdbscan_50,2.5,0.531782407,0.27938633,0.05,0.4,0.54769405,0.253139624,0.0875,0.542857143,0.414943923,0,0.0285714286,,2.5,1.608333333,5.0,3.125,0.870689033,8.625,10.375,1.0,1.0,1,2.5,0.128181296,0.70566484,0.14863651,0.68747017,0.104918043,0.809597706
cluster_paraphrase_hdbscan_55,2.5,0.496595621,0.255177181,0.0125,0.257142857,0.541978277,0.25381274,0.1,0.542857143,0.423102336,0,0.0428571429,,2.5,1.833333333,5.0,2.5,0.831457431,8.375,10.5,1.0,1.0,1,2.5,0.127943017,0.682141211,0.148117762,0.688681162,0.0981280503,0.812316109
cluster_paraphrase_hdbscan_60,2.0,0.471021043,0.348073506,0.0285714286,0.333333333,0.522629648,0.249555432,0.1,0.566666667,0.437860871,0,0.0666666667,,2.0,1.523809524,3.857142857,2.285714286,0.861966605,8.142857143,9.142857143,0.833333333,0.833333333,1,2.0,0.0751022827,0.713531612,0.123801267,0.693249531,0.0862048873,0.814643798
cluster_paraphrase_kmeans_10,4.5,0.484749493,0.274336675,0.04,0.42,0.545886949,0.262728101,0.15,0.58,0.419481973,0,0.06,,4.5,1.641666667,3.8,2.5,1.283396465,12.1,9.8,1.2,1.2,1,4.5,0.0761134132,0.751400147,0.120531178,0.694288854,0.100120883,0.803932703
cluster_paraphrase_kmeans_15,7.0,0.45811709,0.312491,0.0733333333,0.386666667,0.539220868,0.270614945,0.1,0.571296296,0.392951337,0,0.0533333333,,7.0,1.781462585,4.6,2.8,1.327847523,10.66666667,8.4,1.8,1.8,1,7.0,0.0762764091,0.739265806,0.125594733,0.710573725,0.0899675008,0.808283759
cluster_paraphrase_kmeans_20,9.5,0.446551316,0.275286572,0.04,0.402777778,0.538439547,0.266507346,0.095,0.622777778,0.415921026,0,0.035,,9.5,1.329824561,3.35,2.8,1.183162671,9.7,8.55,2.15,2.15,1,9.5,0.0865661122,0.724457001,0.135633223,0.693143765,0.107143166,0.808623051
cluster_t5_hdbscan_100,0.0,0.464514762,0.452527285,0.0,0.25,0.497795721,0.264691085,0.166666667,0.4,0.287755623,0,0.0,,0.0,1.5,3.0,2.333333333,1.083333333,16.66666667,14.33333333,0.0,0.0,1,0.0,0.121158748,0.736692604,0.154135784,0.68888693,0.0491813793,0.821349264
cluster_t5_hdbscan_2,265.0,0.622732626,0.288528953,0.0339587242,0.556550603,0.728907577,0.285235192,0.0919324578,0.908814447,0.541021775,0,0.0257518797,,265.0,1.323840852,2.924953096,2.255159475,1.313266747,10.2326454,8.416510319,1.263157895,1.263157895,1,265.0,0.256697731,0.647573767,0.478644283,0.519798914,0.20282794,0.788759144
cluster_t5_hdbscan_30,4.0,0.490820836,0.30552091,0.0272727273,0.475555556,0.53830567,0.275574913,0.1,0.571111111,0.377030548,0,0.05,,4.0,1.0,2.545454545,2.727272727,1.180194805,10.09090909,8.636363636,0.2,0.2,1,4.0,0.107205475,0.727296619,0.200271063,0.676604929,0.0964456373,0.811935982
cluster_t5_hdbscan_35,0.0,0.45018521,0.436445494,0.0,0.3,0.490885278,0.261131813,0.166666667,0.4,0.288292766,0,0.0,,0.0,2.722222222,5.666666667,2.333333333,1.222222222,15.0,12.0,0.0,0.0,1,0.0,0.0861380422,0.731347043,0.152256092,0.701643352,0.0491813793,0.821349264
cluster_t5_hdbscan_40,0.0,0.440095832,0.343196268,0.0,0.3,0.491778016,0.261131813,0.166666667,0.4,0.288223475,0,0.0,,0.0,1.444444444,3.333333333,2.666666667,1.222222222,15.0,12.0,0.0,0.0,1,0.0,0.0756439468,0.75373051,0.152256092,0.701643352,0.0491813793,0.821349264
cluster_t5_hdbscan_45,0.0,0.445813318,0.398272336,0.0333333333,0.25,0.487151782,0.275678724,0.166666667,0.4,0.287721828,0,0.0,,0.0,1.888888889,5.666666667,3.0,1.2,15.33333333,12.33333333,0.0,0.0,1,0.0,0.0775036478,0.729902718,0.146560842,0.699112041,0.0491813793,0.821349264
cluster_t5_hdbscan_50,0.0,0.446267734,0.346454153,0.0333333333,0.25,0.492708047,0.267540018,0.166666667,0.4,0.287624806,0,0.0,,0.0,1.777777778,5.0,2.666666667,1.0,14.0,13.0,0.0,0.0,1,0.0,0.0847274486,0.732310914,0.166092387,0.689043008,0.0491813793,0.821349264
cluster_t5_hdbscan_55,0.0,0.443408002,0.322194457,0.0333333333,0.25,0.491387308,0.28892227,0.166666667,0.4,0.287593931,0,0.0,,0.0,1.222222222,3.666666667,2.333333333,1.083333333,13.33333333,11.66666667,0.0,0.0,1,0.0,0.0784631482,0.747799825,0.138616283,0.691835092,0.0491813793,0.821349264
cluster_t5_hdbscan_60,0.0,0.434424192,0.372608274,0.0666666667,0.25,0.501682798,0.267540018,0.166666667,0.4,0.287241146,0,0.0,,0.0,1.888888889,4.0,2.333333333,1.0,14.0,13.0,0.0,0.0,1,0.0,0.100697939,0.721659735,0.166092387,0.689043008,0.0491813793,0.821349264
cluster_t5_kmeans_10,4.5,0.468205746,0.242821223,0.04,0.44,0.515220469,0.290196176,0.13,0.52,0.360430798,0,0.05,,4.5,1.05,2.6,2.5,1.314668665,10.8,8.7,3.5,3.5,1,4.5,0.0741506725,0.732496646,0.194140761,0.673120936,0.0869185974,0.821895377
cluster_t5_kmeans_15,7.0,0.438316543,0.286901916,0.0533333333,0.366666667,0.535130775,0.277986114,0.0866666667,0.566666667,0.389799216,0,0.0333333333,,7.0,1.636904762,3.333333333,2.4,1.368448033,11.66666667,9.6,1.733333333,1.733333333,1,7.0,0.0719177317,0.732658047,0.153624232,0.679178737,0.0612493808,0.824044797
cluster_t5_kmeans_20,9.5,0.465622298,0.328396978,0.08,0.41,0.532115065,0.271786975,0.105,0.555,0.387647375,0,0.035,,9.5,1.99122807,4.75,2.6,1.447164502,11.9,8.95,0.9,0.9,1,9.5,0.0909169007,0.726916796,0.15618589,0.68315026,0.0751286147,0.818296625
